Timestamp	Feature 1	Feature 2	Feature 3	Feature 4	Feature 5	Feature 6	Feature 7	Feature 8	Feature 9	Feature 10	Feature 11	Feature 12	Feature 13	Feature 14	Feature 15	Feature 16	Feature 17	Feature 18	Feature 19	Feature 20	Feature 21	Feature 22	Feature 23	Feature 24	Feature 25	Feature 26	Feature 27	Feature 28	Feature 29	Feature 30	Feature 31	Feature 32	Feature 33	Feature 34	Feature 35	Feature 36	Feature 37	Feature 38	Feature 39	Feature 40	Feature 41	Feature 42	Feature 43	Feature 44	Feature 45	Feature 46	Feature 47	Feature 48	Feature 49	Feature 50	Feature 51	Feature 52	Feature 53	Feature 54	Feature 55	Feature 56	Feature 57	Feature 58	Feature 59	Feature 60	Feature 61	Feature 62	Feature 63	Feature 64	Feature 65	Feature 66	Feature 67	
2024-01-03 22:03:17	1620.019666666667	15842268998.0	15914.44594655558	135384.6944239692	2046.67087042318	689.1429695207461	10070.07485709097	462.2350241419939	269.6757651509748	286.6237134359843	716.4538229608582	84.23543595620728	31.73084167385463	49.37158213309959	45.34807455097263	334.4104171488919	136.8961058292556	63.59827347892519	88.33942527719093	34.59660737659246	32.29193205024164	29.57839279457958	27.95390556126349	52.97162289202652	106.0362054011666	33.07429343858676	46.66528423517562	47.29488964668582	41.82264079380936	61.35462095628674	36.37691686242788	30.2337771843452	47.38071587850628	104.9166576786087	37.3929136050213	63.47870318534969	38.02009884277549	27.70407221727321	38.02687976600867	24.84317554605864	28.39996953585842	25.54708546544503	28.4862489609641	41.93689069550201	33.03203741157625	148.9169395892724	58.56972857903534	29.22007860547762	37.78185716027377	56.17049182904036	53.4975825760006	26.46627918974613	28.67132153767032	38.48526637666314	25.66944875534382	38.28744317303636	47.72377806684767	33.58807147334494	70.9330071415779	30.95472804431388	27.57629952285527	54.23711648607371	38.65088827885295	35.10263158870629	42.71095802080333	32.91168329164851	41.19709745023442
2024-01-03 22:03:22	1620.1025	15844056447.0	15943.96399375005	138849.332390119	1970.788415611539	712.434102317724	10049.39387411457	422.632946942493	293.8592460161189	495.3366724671184	734.0890120058483	88.94106759653552	41.29353077839866	47.46135226728099	48.58697174869233	303.9377096004208	111.8643772921832	49.99244719674866	76.45335061221296	37.62903953650871	29.23434241980445	30.19334705216519	31.23851445873893	35.19387098097788	113.1393047448266	30.2213158801191	59.71081873901792	51.1920941927274	38.61667693489421	63.76857380790637	38.33395316625382	36.10905589963414	55.16792667044158	112.5460702913057	57.32671567582533	59.47602189890003	43.2458841093728	28.64993966814635	34.92288803541447	37.86507419512299	32.80372764319107	27.44855384799314	36.44262072371588	33.87958411781339	26.20178606696372	161.3929637177323	52.81865727119806	31.73415337152584	29.23894109935728	52.70577981201993	36.64048938354932	37.15621894341785	35.90241788545355	36.49353919150528	28.83702995660656	40.31121295779811	45.95695169860772	34.67249543263733	65.63215089493669	35.35145519319748	26.21344147801554	59.25861119759152	40.90227492878404	37.51091819186463	48.01155727642062	36.14820769846864	45.71956445646232
2024-01-03 22:03:28	1619.989666666667	15842074986.0	15979.31089322222	137982.2574728088	1793.894585810232	1794.023235268692	10097.65723908995	271.0936311602167	172.0220114805074	968.2270791687816	825.1772253049747	37.15584064625396	32.21797991486895	75.50086862763693	46.50617608453712	180.9137709144863	63.0765651221	61.58652189081423	53.7379264511865	36.09899455178425	37.83791391712752	34.72971627477002	31.81495492004807	45.5783739654867	106.5513373295682	31.97652540234586	42.63248503644033	34.32313894805245	29.11776746643564	68.5968913656471	29.96958579098204	31.97964551987541	45.91700860966354	111.3153818214365	43.81952385445362	60.02956831141214	42.1752191857544	26.85090273443163	35.34407374875474	35.91627361212895	26.74764498541906	24.90482692177923	30.80767858648796	30.53497118957381	31.53953313019234	148.2844915401461	64.28158909543049	32.87536526454466	28.17756257045235	58.31533801813701	38.63014449556441	34.34896507034615	32.74776884696921	33.88653714738684	29.4810918152162	35.34703352075385	52.06450953786837	31.2406858178128	64.00370749286573	34.58688847335054	31.1738657716471	54.95025820247301	38.92512367544165	36.75421419270692	44.56232884040725	32.04216947187506	25.80989717440288
2024-01-03 22:03:34	1620.0725	15843726423.0	15986.16524374997	137407.9228307444	1700.146063697937	1879.400696422225	10046.29179805464	281.7527279314066	237.0255376965264	1129.720318772541	838.848975235734	46.3708095132121	31.68795262597177	100.5756859009617	45.30398729476679	206.9204906566885	100.6330676210546	80.98799319873613	94.69325441855031	37.04870936291168	33.31597607224253	28.8082721218682	29.74295674365684	32.6418782148887	104.2641709600066	28.99098710245264	46.15882161375305	39.94198492286441	37.48470728978078	67.14548416392547	36.43957266591708	33.71771440192197	45.69280467179895	116.8795313748336	33.80555518776251	63.37179566376559	43.00746871449766	33.16131212573866	39.12742518435703	32.70226460834147	25.13037532247761	27.42693288591834	29.81873507756208	42.1224626979873	34.96390655728987	153.7895781700464	58.64927250106707	29.67064886137414	29.92507424763219	52.58187483613101	34.93124289953578	32.63597881422454	27.04005913738699	33.23360060752952	25.93882650810914	37.08048856539377	39.8936394878957	34.77345651791217	70.25252260306826	27.41720305124112	23.61289659209704	53.17461024581203	31.12316804449223	36.71971681980998	41.55608654616309	33.55179173783189	31.24450481451605
2024-01-03 22:03:40	1620.097666666667	15844381872.0	16013.86246122234	135341.4439293445	2044.060782940582	615.3058330955294	10086.29166192161	472.083482225937	281.173550242201	318.8973695029726	718.8445123061346	67.69889349751189	38.13626643529717	54.28963338729884	44.82556250384667	336.0648421084545	129.0667077444111	61.21068321522151	92.12757810273695	37.42291359969944	36.18885004531213	39.05041258056858	30.66776968043987	38.49193321917327	107.0584521165039	33.00363135590258	57.67004835020862	40.09720466348691	40.36918704187054	68.0693191826232	40.14805747151821	31.76244900426412	43.85696317246924	116.5627800902288	45.15487564874523	63.83221792261418	46.3654662542556	32.13244860824062	42.57786147300671	38.27859951559743	30.99375492782256	31.76567585581293	33.97369218068425	34.99896631525907	30.80033802172544	149.9241349280414	61.71233849614543	33.74869581923974	32.2095702599553	54.2817878991282	39.884407905125	36.76454173470179	28.8477486713565	32.99076868182079	30.88022620382881	39.42410585826423	48.71484171144621	30.93018488737572	68.62702471850152	35.27605481596868	35.73521165371768	49.41540840071899	39.54593228002415	30.82511265544184	43.27518039742406	36.96854464450553	29.97026921983196
2024-01-03 22:03:45	1620.176333333333	15846052904.0	16037.46623988869	135472.5457566609	1987.477272348299	803.8310993019003	10116.2191780535	437.0210602356526	240.7702892716451	322.9263221212416	715.2530603038584	98.52132234590023	36.61562333659741	49.57178293839527	46.35398774091811	320.4422371821772	136.9438142974133	66.39457320851265	84.54032923628976	45.96331143954548	29.97311629022596	33.72095378365037	31.17521459299879	45.98640298978822	110.8917180926365	30.3696262117976	44.27374745345445	50.53154192165788	36.53551529705549	68.66637651373301	40.75715015809163	36.55221774838492	62.41178334043494	118.6990677835668	72.01357174062925	58.85577244522507	46.28086691334852	25.53153643832859	36.64977146911945	36.87400387423288	27.67629171519241	26.01511874109103	31.40232242126699	39.86119085553966	34.50740432658949	156.5407926083342	60.32058969205977	32.02898181917973	36.7537822947289	59.36928272860057	48.67045158715504	31.91306894245744	29.43038620675399	31.8951720057648	26.31099052555795	34.05399523501221	43.81529242210227	31.88552003494774	76.80032690952928	33.33761365232887	29.75651284535923	54.14008737864665	44.03765392513167	34.45258484485255	44.80717658298031	34.13297688393001	28.88176519157298
2024-01-03 22:03:51	1619.937333333333	15841460732.0	16046.49140622234	137511.7889355196	1717.773206088274	1843.660869450707	10054.23664069246	293.2372342462812	249.9903708657325	1123.908711825311	830.9754530217514	46.06494992779793	36.89222770537929	81.0875450370897	42.37553411816469	216.4281044279613	108.4522087469304	72.16569411176835	93.3773140016439	34.43517208389338	29.96856499755408	28.29987203996826	32.96093961108902	40.38756815609867	103.0232187754699	30.83970071569158	43.83961579508078	38.44094774222319	35.69932056732706	69.29038681808771	35.88871118202727	46.53645094457551	40.26140997766095	117.3540671577809	35.91881378770675	55.95866689511812	46.57162648973292	30.6111104580576	33.84598521354093	32.91992252483077	26.02563216448604	29.58463312109465	28.8843531019856	30.26595127930529	31.8839824675631	158.6814957861454	65.99259528790753	35.5483320383616	33.81368258018167	62.40783810005798	52.77190703389477	36.40916448859137	28.69118016332172	37.16651312775479	28.11579273635213	43.137701216471	47.64532229991219	25.71803613119252	60.85375631679547	30.90018386563305	29.97922315741204	62.50357032325861	33.04817089711867	30.69041938216634	39.45884671994097	32.58356086231351	37.20413522203051
2024-01-03 22:03:57	1619.885166666667	15840277351.0	16018.27197997225	139081.9585905551	1971.377831256573	1048.193932047954	10117.61932471476	387.7266759204086	211.8106844501293	473.706756271937	724.1506442861948	86.93074791544004	31.84703603155789	48.48481332179718	42.5806576447396	283.2791261427898	120.1026214717092	56.0739423276481	74.33079388497576	31.89032646748036	31.83366045748725	32.81124793811298	30.76572491627789	36.79558993264448	106.8795654101379	35.05601291734572	58.16520422284622	54.09197742857043	43.8742768740868	63.2545507331951	36.35898156769859	30.20404307446337	45.40985811333763	108.3480936027389	31.66315289961987	63.45149607477257	48.03897253946754	32.32166334656893	39.23747169112681	39.42414469975151	31.3094270883945	30.23908023151548	31.8266881318856	35.51080108644199	26.7215800874658	152.2375741942309	55.09844404093845	29.39540708059036	28.90037375861441	51.27687198081062	31.17251160358202	30.70525987311481	29.46073136275571	36.19085165840284	26.26850254470832	39.8531929549485	40.5954458375708	27.94329982735551	64.0955698555817	31.08081518649781	31.17898955565588	53.73836337614094	38.93439290879214	33.25012497067819	44.74997975451578	31.63804912162734	36.7334547980714
2024-01-03 22:04:03	1619.916333333333	15841002370.0	16038.13466655556	135626.3732724391	1940.310769111489	1311.28946938015	10133.63177853683	382.3394055953743	183.2318174393658	630.9938800426684	754.2932438533982	83.11036309418408	34.19263716316276	44.77824962797097	42.10513685031134	266.6681700419178	109.179270125439	50.61983405791079	67.34490106024134	36.37386506809919	28.55744595126789	31.89499450293977	24.27707752309063	27.97222774556634	101.6739240000434	32.021027126904	59.75385215771435	50.21913991868973	31.99095272291835	69.47179249961943	39.73178873239802	29.05282989131601	40.00396341429216	115.0946291076604	26.92402590204621	58.36404508548205	48.02720498457507	28.0127640049878	36.62372977150196	30.74323735995184	27.48630772701236	28.6451367544605	28.20949680489842	33.30850311634774	33.31395926795449	152.5867926754344	66.67980242550996	22.37873374071074	32.64198657657326	55.20474297428952	47.34871885625387	36.3538015907907	28.81188214662704	27.3798888899172	28.74869744424613	33.34267792263774	42.84959028121117	29.95258254435136	62.61726312627823	30.28133248201622	35.10688414350553	52.3687320344145	32.34430507637658	31.13401180048425	48.68141861368479	31.13573396514951	31.31809202877671
2024-01-03 22:04:09	1619.982166666667	15842669803.0	16102.7468486391	137980.4827901378	1777.76595346098	1545.558587391223	10072.1050848838	326.9358222566169	262.1293163753858	964.7194592520688	808.7418515732816	44.64403420279418	36.81109558348957	66.13153795954247	48.22138730084953	230.9350452833607	87.10559426927921	51.88898086735376	78.1162759817907	31.38318201376447	31.71022022565711	34.57434131108502	30.64406893219168	44.09871007388919	100.6872201954282	35.7712000285236	63.46608791487141	34.38497849320648	35.82838696818442	64.7455934124718	31.78185465975047	29.73423752049243	54.91056128595558	116.6284096102662	56.63052642500625	60.09218772255024	50.2485247989224	33.66267178545256	34.1719837363885	49.5831509127164	33.38315882573898	30.67857880114712	34.30730192676417	30.07221102328155	32.25049483001423	150.6140237841777	54.32438201379667	35.09671291927543	30.26897678856016	49.03374787203134	44.54816579576516	26.67599082473606	29.94034414709025	37.26506269750755	25.91822342169955	38.30692780925331	49.16996187066016	33.76144808251261	64.45173472942115	31.31054140182941	29.86876601880315	55.22246122442871	36.51528252524505	33.54526261854386	46.63207723663323	35.45578328754752	36.01538123822434
2024-01-03 22:04:14	1620.005333333333	15842927614.0	16070.65563822258	136554.1312078203	1754.746699452353	1719.932139240422	10055.9821800338	297.1445284569265	255.2819977225472	1060.457928654854	812.4279948377764	73.315610284241	34.17328816792774	76.38015244120308	46.53151449775451	218.988210393356	77.56382613025018	78.00143387531186	75.21656836692948	35.02917233291203	31.77116015916278	28.02166568926271	36.26428305633301	37.7614095934808	105.8886990442026	28.20564873225125	47.86518126253417	50.66860394222328	36.17611066046085	64.72985840072583	38.20049232317806	27.64701821204129	49.16771558802289	121.0979847349105	53.28681819184501	63.76754242942977	51.27535297223931	30.94016077612864	36.15271339038159	30.63433415473319	29.63591927696959	27.41553865537508	32.31645554471649	39.70760227424589	30.55390589204954	157.5585986697642	65.9212926236884	33.43798741924947	45.569622661423	61.81068312999648	54.44310156128908	40.50751859367859	33.13019313300475	32.04739119863944	29.10956258240589	38.65595996264621	44.24614053993836	25.15943889379269	64.23016049806323	29.51811299276851	29.43773536762569	54.56550046392125	39.25390563462523	34.48979583838762	56.89413636727533	33.77085607607381	58.45087207297441
2024-01-03 22:04:20	1619.952333333333	15842211442.0	16123.01139455521	137784.2955714137	1752.887050692426	1692.043869804208	10080.07321280039	293.7015218715636	251.2357310275363	1038.696801007684	814.0527150081027	49.82173145349813	39.84801981833724	92.55871121488052	47.40390351142059	216.4739143225007	90.7135055868819	71.90987265448413	70.96418477161022	43.61331096710986	34.65943717325558	42.87437347597582	34.14637270789165	34.08620979421301	93.85599989703772	33.76199104097283	55.82374463158023	44.28083845200788	43.52713011489572	65.43381754227329	35.77437311727269	42.4131480918809	42.34394583935698	119.1363595965643	39.20226761843822	68.35536765367162	47.78456967865134	34.50712043736043	39.54119349828786	33.53859734543695	32.85558762345813	30.06846548183353	33.09279653963775	45.78624630642486	41.27676231234005	150.331450655913	75.77436559653303	38.89175367795402	36.77197578620106	59.61432171469835	48.48811244677646	29.97208514951869	31.59090320391023	31.9203599015102	30.37973639971677	36.73671179726543	52.06739724278773	27.35913816906123	63.05042882081228	29.85125878910198	34.42242744137231	54.48729393105145	47.17739045653795	32.39335702773804	42.59327399527527	31.62336551542941	43.23133601613076
2024-01-03 22:04:26	1620.0965	15844865279.0	16098.21052108286	136177.9135725684	1827.962356509385	1365.201818533994	10064.2112504447	333.9430923456015	281.8065146228718	888.0080753947187	779.0165760025446	59.49818882017068	35.28798767743039	56.70478164824866	43.17340128539806	247.4308079744895	82.4353274844396	63.42963972555141	84.78133775016272	39.90711131472342	32.56757180425557	36.74610680516987	31.67262669308439	35.24428033312812	96.58481875656021	33.67037025034931	59.52291229788978	48.16227418990805	39.6075511357006	70.67161064379279	36.04742334495053	41.35238375259554	56.59230313455717	115.1006434935427	65.47965887983132	62.44342156721832	45.95936284689854	34.43167180752774	36.90814490643469	43.07471420077697	29.00475017326283	26.24828231835818	33.12801983781041	33.33431847419359	34.99952054534765	160.6876148763415	62.68222160486642	39.81478100638557	33.33367422040812	56.33806313309397	43.64394097929054	35.38332532850874	31.87583823190419	32.46772306279932	28.51402550974968	39.43978330569571	43.95566039636775	27.24272298987804	65.08849600225591	41.20744426366462	39.52795029619134	56.09263803932905	40.1683472571702	33.28399760254953	46.27088203299532	31.75846005753908	26.22746664267504
2024-01-03 22:04:32	1620.27	15848415226.0	16127.66476666695	138221.5021936038	1826.742585602211	1389.603164550652	10069.05960582277	335.3871524937484	282.2489540566341	909.4734674266418	788.8431768731123	77.10740456185201	39.41123707966229	60.85561108253587	41.15537623488447	247.3736257285479	96.43322770615764	71.26901908744865	99.51351495260066	41.39890702355545	38.39647089637288	40.65310301422048	34.37580498816574	37.44356812232327	105.868096809985	31.66873376436353	48.00722147477611	47.29359001129241	36.65044369354304	68.9965172028225	36.70899872008699	33.21316449086174	55.96954640085584	124.0044141517868	60.10919010620481	71.90335737605797	51.5585286075662	36.54869447529766	35.24201856680966	42.64627049879304	32.24152518329041	30.22503823977679	31.96056357394415	36.59223443512239	32.74021641155533	157.218626530237	55.19129246596457	39.07290008781429	37.89914307019777	49.57259467243613	37.7994377901877	36.98696051524168	31.11640572329321	31.13971269832373	26.16611607403483	38.18481848805561	42.71719993675119	32.13438519675751	65.2723713908755	33.92958032696659	34.49365475550233	58.86639590484079	39.28477098415205	28.64990091952302	48.08675127273019	32.87474324883774	35.07173790580027
2024-01-03 22:04:38	1620.017166666667	15843556615.0	16137.14887197176	137522.8637193477	1731.95765587986	1904.192779719694	10120.29503728451	274.3537618509376	199.463060632046	1083.366630576152	843.565174596064	38.19368661406906	33.40250458529073	103.4491733361769	44.77707941414681	182.9482812471373	79.37175551088642	83.12425546443671	61.15817874796188	34.70903039567712	28.48344060535108	26.88065177105698	30.83200564723407	30.47191739027154	97.41573027816875	28.94130878510904	44.59016623439054	42.35795685822344	32.96695013861384	73.74489780987908	35.84148797175419	35.17306965539951	43.73903435822707	123.8328134968894	51.12874829363621	59.93950028363557	50.79003581376965	25.12118608013596	32.74277146446443	36.1361791275381	34.6267132122812	27.26537896278702	30.63561179774841	35.81948634828712	31.31704262747442	154.6892047042732	57.95791260009484	34.14119412545812	30.20911467455444	54.4487111252273	40.14965990716676	30.04804661610916	26.58258157257622	31.99310822561915	27.02886548119251	39.35723584619738	41.80815414291012	26.46675603110808	65.89335335632649	28.3994117218707	30.4318154967231	52.54429208825996	40.01422864918911	31.64173560325377	50.33059572169211	34.64156602533969	30.66339942356892
2024-01-03 22:04:44	1620.2885	15849001165.0	16165.37093441654	138027.2646346321	1782.630939528277	1886.7826301563	10149.94451479219	285.4144453250952	183.2382273965514	1046.558952930612	837.7632735056966	40.37930261450774	37.81007844562719	75.14564567662951	46.94304724412022	174.9686878421839	63.1219067353172	67.23132839109907	40.84246320019752	29.21786512570234	34.07156547593588	33.12733341077768	32.62942446652119	39.3797734412228	103.073258040549	27.4735667145994	50.31958358543481	38.70684425237186	36.00258443629447	74.23594880347505	36.82056621474066	32.17126165808121	48.89619781232113	120.1719657504291	46.7812397466504	50.7825771256316	52.7914209293154	27.88142990360822	35.70392953723773	33.79857529728052	30.66746385626697	29.37651685748387	37.72542919182477	33.6133790664749	28.81346280175804	149.2221920446051	61.17624233284527	32.56965257715918	33.05136730645591	54.92609345135518	40.36084584865897	33.72176241386936	35.78093139679682	36.83828651605496	34.58499196407421	43.08720463335166	44.47864660675901	27.22069252649574	65.94759273754661	33.98137769735681	37.78069989366897	65.36720735984485	34.66244027792582	31.94891566711115	42.91939824686136	25.83800851682447	30.12684971665233
2024-01-03 22:04:49	1620.364	15850522266.0	16174.21850399999	135841.0280190535	1925.630129214067	1101.943985712719	10092.23701319569	377.147473921476	303.3583069232045	757.8625792053754	761.5756124456053	73.20787548141887	34.88329253675548	46.18105164937509	44.25159473114208	279.2599168771396	103.2503031639816	68.84376284084476	94.75712705824792	39.78347238824055	31.17119866407159	37.5852339139954	38.61536888577707	46.13905042888233	112.8221681963133	30.66684403521424	55.66187551615403	42.94642137877262	33.30326734340142	66.87538654013339	35.05774780451343	35.85096941857707	59.23832207190271	119.0864048431867	57.30631619687122	75.44871938122026	54.46535569539593	34.03980109499091	34.69922379845001	38.76099109961585	29.95166355792497	33.79486739256268	34.30759198664397	38.20226107431137	33.31725198612388	151.3004144149428	61.57621863319384	30.66402663224112	34.73057155248178	59.25003496995901	43.95948173326945	32.30464942085977	31.8634736492498	33.95632828546064	28.63257301209557	38.01184572682872	45.48651736877567	30.24294065353512	62.5172902442738	32.62190412308627	35.79847540448064	49.97638125537428	37.28548146469317	34.44203035749257	43.6377127386476	33.29217889921333	31.76024811995256
2024-01-03 22:04:55	1620.328333333333	15850076976.0	16215.58819722198	137439.6289380502	1717.561746102836	1748.431819570866	10125.69092560212	275.2733782063149	225.2234937162105	1028.961830365737	827.7345962283842	59.93459428000882	40.12703784473886	98.52116910896977	43.90844969200048	208.2650658938996	81.769314440569	74.44064082477503	69.68848312883964	49.50448880171306	33.28657579325654	31.50998674709491	37.20310679375481	26.89256758625196	104.9553934717686	30.81060808304939	45.27382734517035	47.34262853502413	40.37669418934868	74.04122544279087	34.69086571595417	31.53964344710037	42.36172049534312	124.2200728933215	30.81977527670519	54.16136228328356	48.27278431997082	31.3745410819415	33.50747141125086	34.94997475494218	35.3665605521125	27.61160791164926	37.47025250940037	35.31167677561276	30.4274278155108	156.0138682407692	65.26821355213603	37.74748274903189	47.57321033699002	57.99139704022407	65.79664625554538	29.20732842542225	30.86790958753848	34.65444563471881	24.3492856027155	35.18888929128806	45.7868186059879	29.46886194935267	64.14902603798949	32.59178447016446	31.17976552729301	54.15345511682767	35.88897925779593	38.07244261790896	53.64406611103148	35.39747249462611	37.72533397394628
2024-01-03 22:05:01	1620.028333333333	15844281476.0	16221.77853055531	138257.1788692513	1816.835777813891	1326.195903826431	10111.90888110557	336.8689716821841	285.4988051650854	856.7345901129664	779.2002849008193	107.7236579067235	45.54540802640709	60.92773410891871	40.47854499880462	256.2282119129573	96.92622398489371	69.66787156627265	98.64453580832932	42.60320946504384	31.87215881179067	31.18798529027675	31.68235905771091	42.77188393751449	106.6978125632406	33.36038987859491	44.40770407155389	66.0675221262718	41.86268783989888	72.18975334709428	42.95082472725023	35.48710357672708	62.20988325936337	122.7422282840707	73.98858843334447	48.49772230238509	52.72058093205803	27.61173057526303	28.74937589778079	28.51157096532895	28.82227110581096	27.35435880113668	34.79106843346097	35.26290327068673	30.54970159886651	151.2889756164693	59.09473155212245	38.39865254338889	32.07777453273101	55.05676919673066	36.46767705778436	41.28583362205673	27.31469937763057	33.56576806905424	28.78208815680215	39.74663813413865	37.42379927871431	29.59861575124791	69.20839525957092	30.51721788089117	30.33089508135659	54.09463118946341	33.87667779086118	33.70191688360652	39.97155122690357	30.13838502879574	34.18366154862019
2024-01-03 22:05:07	1620.062	15845100962.0	16249.27648933372	136597.8091469429	1759.269119827406	1692.662611604582	10108.03395232443	307.9457188883972	265.1856811844989	1054.437013196473	819.1428160409498	84.03583135597337	36.42023776348245	87.99565275258556	44.11404402360272	225.6532756865263	84.65183854067953	86.44988425386131	103.6918497462477	49.16804520804866	28.2254465625223	36.58939092590006	26.4542575434299	35.78667294432327	94.76084431794654	30.41137488758171	45.00666934452712	56.26478246157185	43.38815047659236	71.09105979787289	34.57801498176129	43.41925690201164	43.21394116574966	122.0634679108013	33.9338570567934	61.20649333500178	47.64035221972058	32.32989407936989	36.10333720587197	31.45999869286312	30.65268393952353	27.07424448174933	26.52024069770048	34.30248681129113	34.70126482495671	160.0469081928108	61.49345878509596	30.74664107886809	29.45714589982532	56.54316777185591	37.30417804253494	32.98313623461006	29.53960038545851	36.27103197589373	29.15192996827475	34.16663676512164	43.49988608849269	29.08900980229679	63.74467717326145	31.00417541607431	30.75208267183827	50.53501490038072	38.87557207543215	32.55308501324662	51.65736209574229	35.23639466141395	27.571928860417
2024-01-03 22:05:39	1620.558166666667	15882363897.0	20851.87794997217	136989.9040425737	1772.016365978827	2125.634171348872	11502.81241954395	226.8670448965631	291.5109091510423	1261.071047299264	994.1185050670053	91.35026966951148	40.46497438622649	92.99073734092066	50.65916545176928	123.7257596886748	67.72652025464808	85.71982323663715	63.27128931116602	43.86569931911756	41.71409961636848	45.98156856628096	29.68366054840427	37.7224485223221	103.1129427698636	46.7260460534663	44.56685490079107	63.22557031669617	42.01446320544628	128.8940479327092	38.29487655148746	34.50675326200351	49.05421377325208	291.6851018736516	72.43007320723616	66.84987659088134	54.06095488080113	30.60100224243623	30.2770379588357	41.78134436708007	32.45167762568028	25.59990833133962	30.2835838486191	38.09170537941185	35.12800115066345	166.8391161923846	72.13230404770432	35.71971763371675	36.93281740054821	62.74285830823647	56.65075732989757	35.49260409521285	33.69043710384071	61.68804645830458	28.28233399945081	37.47091564684956	46.5374736700491	74.36316312880439	65.49088912112126	29.88795114601323	36.02722304518565	58.76762990514706	41.31065321136307	30.98478683281694	53.08177157477187	41.92387427804879	42.75917240887462
2024-01-03 22:05:44	1620.439	15879507380.0	20762.01061233319	135227.2964125806	2030.641638613741	1234.247455291267	11536.0869390701	368.9921855213971	220.1594286862619	463.924533200806	892.8581993493984	109.9728583494166	44.51769593081474	51.31380044478552	51.94216153076724	241.3627319019674	117.9821793958149	64.80811984241457	76.16197692607462	40.29403534674581	33.03451590335558	42.5392939518607	35.48989261084643	30.93948408757517	93.41704485185224	48.31682449103159	50.27396116013799	68.70855196881418	48.56637338889462	125.2738112096378	42.71876559943964	39.50078983459492	48.73698087424685	292.644015594025	77.589819059186	54.48977963932543	52.9456924657547	32.11076000524751	32.45018278467359	36.58883367711834	33.41043021827549	28.13013721006041	33.98877634890583	34.49011155564509	29.51458310451464	153.5180421916637	51.22558504400332	29.21207751716472	29.38850991694731	53.98155236315812	39.60546267934416	35.14266170252206	28.68986743168053	68.13022092079255	24.5289056716008	39.60218141433257	39.66745393125566	71.97484532494694	63.52961719751639	33.86760931415374	33.67123768180728	57.75477454420664	38.34745939985426	25.46126427863764	53.17141462570356	44.48133925857433	60.97818342633641
2024-01-03 22:05:50	1612.6155	15744640683.0	23578.02965974947	134835.4168413263	1975.581959946388	1898.559455669014	12443.42082925931	315.0523469272097	274.8799201994519	884.4235465286864	1045.665241403334	45.01622838870559	34.11583959002821	49.82466201079549	43.97520886892451	214.2227995459017	120.7664318816841	70.35768800894711	137.4508604408523	39.65285846304858	37.1224744525905	40.27687473619893	35.86803577668043	83.10719632393605	104.4099509965536	36.89817625346424	49.81696679443467	41.72925154121641	36.06809283751992	105.1389315567212	38.96352200673911	38.46630380085382	53.43039115252744	201.7476054369141	42.09081372685461	60.16128061018988	51.32866896476477	32.63526689171811	38.01613624183745	56.6871527459688	31.62910532984334	29.64878143734122	33.53891612716458	38.9862376556116	32.73340318403021	168.2814664979989	58.48929558323323	45.40392512129967	29.50054421947116	56.78770330333735	34.98938748503059	34.31504084117329	33.33946397817218	48.79672717253927	29.76141897857862	42.68354978610011	43.80257973677561	40.64206604748193	68.8697613023493	27.08125991459984	31.15787796530096	54.85291545533891	38.76298112681895	38.79261981639827	50.14671407152656	39.13665647831743	44.58095460040295
2024-01-03 22:05:56	1619.254666666667	15747276112.0	2560.343144888524	136972.7018255801	738.0352582769679	775.4085942177427	4060.99807638884	113.4539588060403	112.9371988223796	436.2378140527246	364.5939506465277	39.49967227260466	36.29515041159672	37.17792044514752	42.67536059208555	79.15633486069383	49.28576466414182	46.73790322314844	38.39665030780859	32.98829261444426	33.54277622628312	44.10026441171674	29.98492617040833	29.60188800500914	59.12831567766437	37.17572591046414	32.64230771625331	39.12146479564947	38.39100690467998	101.9196625780717	32.91732649702418	28.68081315268702	31.02099517667004	200.1834671205265	30.49796785778854	77.4460847283364	31.52499345769749	27.63682859117751	35.11890264423721	27.95082219344988	23.0252910114172	24.17377156096392	28.76137188457225	22.35433719184004	25.04965068481818	47.1919551082276	29.82451658943581	26.67010682912257	27.32067098282002	26.42234084208788	33.58204669033101	29.81151416618681	31.56071548327112	67.65784108693768	27.37448825391923	38.03666722567773	32.59902296201243	61.01658264206279	55.57833804264943	22.84727667134705	24.02841203930622	27.12327164739839	29.00505391332562	29.25975873674487	42.36383986377129	27.015388782739	29.28961233652032
2024-01-03 22:06:02	1619.521833333333	15871421269.0	22385.90952330595	135859.3743531326	2093.601159041696	1623.423165903622	11886.60124160839	321.1724912614525	343.9242049129564	1055.600764834872	927.3602532092774	80.80178417647765	34.87298910219521	73.04423396171399	47.22246530866271	224.0910884781814	113.8226484406045	78.17060533576846	102.7214286583264	40.15293488353815	39.46318103331452	54.03441330318421	33.76060659546381	59.61044888727013	94.16051758946598	46.07768451224204	49.05889503159543	53.26342680865424	46.32377627355898	123.5566028795678	41.44180083330366	57.36689740139133	52.47961135091531	229.1592045295083	39.11860175885601	37.94811211057824	62.34046665533187	35.26547063209578	28.78937412830227	35.95468527952396	30.14223564090267	28.58471716113289	33.81906913377004	38.76751419472567	31.5856978310537	166.1130812906332	60.94691025957152	45.10795923463488	28.86558642305651	59.3789121892878	40.4358487303753	34.80119772739317	33.26792135230378	68.58019881267519	27.51177185559672	42.29237221854089	47.30795251149431	56.58161781517288	64.1441745544069	34.08029157709954	31.57037546653876	54.27840304640335	39.46766400634994	30.89838107817394	49.01837852522882	43.65379109994351	31.47218438187438
2024-01-03 22:06:08	1619.038333333333	15865662826.0	22992.01286388887	137794.7018934792	1997.332171739808	2317.779029706096	12101.91007460454	209.8558965374889	218.0387768777717	1307.774457481897	999.9540261771898	45.49254978174356	39.65558106487793	104.750280152695	46.24446549478539	49.38791696685797	58.78382082708946	78.98019368258531	45.8340570690148	37.5907572595491	32.2116245488717	50.5578047756144	31.48949102295686	27.43181616646294	98.0466354843646	44.62064074028438	53.7847334848796	42.41412836008174	34.77298505656634	124.0423040754995	35.82663083053991	33.01604849922425	53.80625647654261	228.9687979286515	69.6414686152109	54.44147545391934	54.17078625154054	31.10275259942554	36.3044849352955	41.17253602238127	32.47974935000715	26.19679055038448	36.43511567892529	38.0316989403768	35.83488182637217	154.2337390580332	68.17079863057258	33.11258694363918	27.98886110513095	52.36509666652199	43.2874232557266	37.59560018967628	30.24407057003361	70.52850069321518	29.88607277654632	38.95070359958436	43.53368468115535	64.88032294046394	61.40062150177817	29.20763746721475	36.37001937066819	58.29966273382037	36.54384613032932	32.29773008033596	48.55317645157301	35.41113798786215	47.31543659522517
2024-01-03 22:06:13	1618.937	15865163100.0	23236.84003100032	138652.751228497	2206.947522000515	1958.480540227182	12210.55730071362	301.2950593557022	184.1587736693307	1005.687615100337	942.2679986968418	65.22412660179535	37.2299161069034	72.65007652419412	44.51722226393106	165.5147275216313	94.40897878000546	70.87103593994195	64.13802591930904	38.63319770850545	29.20280276599227	49.82789386562741	24.38229810045269	40.95762611764982	96.0733013788584	43.22064696402562	44.58610258051772	46.90960141192978	35.18460167592713	127.5753389047685	38.61964112098157	32.44350797797346	40.19135706693199	227.8616534701208	32.24496705427149	36.91099762515523	69.55413590296301	33.4245384838279	34.02223509926964	37.05386631072769	28.3508724131212	34.06062971904576	31.93469210920415	33.53697104967402	31.15131198535122	153.9782463303262	64.52202449826676	32.26172547663638	28.03069189787159	54.67565659359823	36.71943780780786	42.43110385008797	30.94814000564983	71.90762891533548	24.45327065879533	41.54408311637138	46.56355609718896	62.00581744092417	68.75757367999269	36.93367845414669	30.78036526742828	53.03698628350336	38.0860621607146	33.6275969586633	44.04851082084123	39.08987762633929	35.61010414159039
2024-01-03 22:06:19	1618.836166666667	15863953837.0	23361.77165863849	139284.3940463302	2355.240947692559	1257.440054476698	12235.03742134698	372.980205842927	245.9437059971076	544.5263809132838	882.1529940571088	66.45026594840964	31.19525392065697	79.38917581737888	41.66774488208892	241.6125235432161	123.7348346649027	72.88106178158222	80.32249172784505	44.74369286763533	27.91026525615959	56.34669304797643	30.36872949941203	39.04272324499465	102.5650450225732	48.05980888846362	63.17629433108439	53.80254644899686	42.11993652496665	119.4423256626542	40.12501639623513	36.40367937796088	46.08135326701223	222.5667240105251	37.2101399605693	54.1028132396288	48.81060259949933	34.76040506826917	33.86383033827777	30.98325170200563	29.97273704472832	28.62254289672341	27.82424314860156	43.77439070721531	31.27061457784332	164.6086822423621	58.75205787183668	40.61035347079105	38.58735475422545	56.96821001540372	46.89056447142949	36.03673120709639	31.84759715283957	74.34973922042352	31.26643071110353	46.04041546482858	49.71151574814652	63.2779487332564	70.90052402785656	32.63697774713499	29.42690990490952	57.91578794021071	34.81095928806088	35.05374689685462	42.2376101616856	36.44931106833506	35.85055431526376
2024-01-03 22:06:25	1618.712666666667	15862210522.0	23471.05643955618	135539.1843355335	2206.235167139219	1995.203288112267	12275.63010079405	265.2978524990893	186.8407267144357	1031.310213573336	961.1991350841857	45.24083237939129	37.71948453447445	91.826481644906	39.02658947811881	135.9756155105115	84.60670298205082	81.28375390101168	50.72900515297292	35.59441734860489	32.61242413673909	43.47613074322379	26.33267917465187	45.91564716451911	95.38076444048293	31.39327244682379	39.6025859528674	43.78656767308113	33.59465819267251	131.2293209548865	34.74614392838865	34.71219796551057	58.36429543372353	233.9778089469973	61.64905913494525	52.81497859566714	55.7257238184168	31.71945602706103	30.59571479291477	39.28673185970621	26.76866940543307	30.5797953657842	32.50764823071275	34.42787825307109	32.73042663775103	153.548946355328	63.66283513376537	35.43635761097148	30.75589192187829	54.73732635487771	57.51777063258073	36.98336969300014	32.62406145403059	80.74109912275807	30.68357472897456	38.24911287206225	50.65496600893828	66.24456258027585	67.3571626169134	30.35963223881216	26.89751325994013	58.58742567150517	39.63296433691027	34.95501824282181	46.49371415115338	37.94349163229965	43.17085923746185
2024-01-03 22:06:31	1618.508833333333	15858577671.0	23525.43492197245	134900.3970722783	2370.96960669709	1253.077681418055	12283.5752941034	387.1505014154945	271.8123253344244	534.3544396901052	894.4330590863794	104.8546719468549	51.14378508082517	68.732413392099	49.3218266009408	259.3026254054361	128.3454656393448	98.56273605423952	86.00251592806508	31.48023258386603	34.85012129454131	50.71498272806224	36.26805016777262	31.5779562873454	99.08341999367536	39.82431927778817	49.02976071503292	58.10375671324173	42.02035407300583	124.5395064528985	45.3226581125789	33.5853164254647	58.78748422825752	237.567552952101	75.01057142424575	52.85651864026521	52.46592758177735	38.1774406226474	31.74229408989661	39.5052845501591	33.77404004122651	32.97967144326976	36.10872297395138	39.48637334209338	29.27444499988305	159.6016828816339	59.69574921744963	34.74593202773108	35.17959369813942	52.7783494610696	49.52145429767425	35.71006918437837	32.86198429474869	78.82214705122915	32.57310729385537	33.72353420579745	44.34191933358881	61.07696043332235	65.18805425698703	31.77697070431822	29.29317828366275	54.22089402414603	43.71984746909538	26.70002083610018	48.39356309101605	35.23879251567281	51.72631110876815
2024-01-03 22:06:37	1618.581666666667	15860269470.0	23571.63333055563	138688.9795063203	2214.657428741827	1322.67039381458	12204.15015363285	408.0528062156674	369.977394733716	897.5459064009419	934.9680427021578	109.192258930886	41.31414258357994	72.0165096605105	47.12418587063205	286.8013671067697	139.8991239978228	91.338390627195	100.0892786348222	36.91730226895697	39.20456627941513	53.21322483784116	37.03275524745433	35.7021687234049	100.0070391244388	50.01735159019977	45.49730608727807	63.68109791865393	44.17407187011513	125.2066058218082	52.62425359761102	41.66340021204507	47.3955292782226	224.9107015707364	37.38604533262732	57.66287743159069	52.82332340866839	38.93076999659333	30.61315696757548	37.62750431961574	35.11119197069104	30.05259468247174	33.05067695665451	29.3285494669814	32.44957789744834	162.1063351854453	56.34990548209467	35.57595780369065	34.73644337421489	53.78108850867532	44.46246466486597	35.05273868863846	31.7613756842999	65.11304096985296	28.12324157461347	43.69157249541403	40.95829538627191	57.36723581215743	71.09393037203147	29.10579646055095	32.55177201433903	57.08446753111579	39.60087474041555	32.959388459104	45.75758847373076	36.75445891575551	32.67486343790653
2024-01-03 22:06:42	1618.69	15862530964.0	23597.84456666606	136959.1716275653	1987.493347498396	2284.069960506106	12228.06512950493	233.0909593296287	287.6181123030465	1360.101483845583	1015.7912019401	46.96202261380711	33.69042557813804	91.80865569731817	47.11386700102268	116.3715987393805	84.91951754658305	81.233969316446	86.30115839468674	39.67726232046184	40.91959463740602	39.58996938511455	37.84596761050755	35.77332747920462	95.52951163823883	38.08496884382286	45.45559621574306	39.30278634724096	35.34760554780528	117.8480493688632	36.44100166023031	47.71398863013883	71.46148321867402	223.0897806729743	98.1964723530518	66.60988487915246	53.71529962316741	38.21418199271233	34.31017573817537	39.84956156344855	33.43821675035272	24.76281448580789	30.64907860978871	29.72325894080022	30.18123424690791	163.8821709958061	52.61127755889359	41.18463005396075	28.0838385895913	53.25212109016318	35.26397406695184	29.08626268809493	33.00045529675141	78.83594403619207	37.48624356220981	37.69315099253618	51.03712266666574	62.03576088952767	67.43571390159937	30.65255277700636	28.16129372330791	59.77391210767379	37.43508832882691	31.35381356145049	42.3060821485118	34.82123306454884	31.80859383153675
2024-01-03 22:06:48	1618.6185	15861421303.0	23644.36862441665	139013.6656875919	2278.555114354775	1791.410119209064	12322.83757510431	335.9738068449478	210.3763758085697	866.3924073813096	932.4349931836996	85.14498566108327	45.20309488025752	82.79939575928344	42.07281691138731	198.4927943933807	112.8293715755963	77.28709509171671	64.01624891104719	45.44912936685103	36.6717684617332	42.51597225442567	30.06496970769702	30.50417599851099	94.72687733966885	34.55754649307219	52.48378345423937	50.26498040988998	33.80426727760574	124.5585990726577	43.97263820964949	31.66354980428008	52.77317431015862	230.9137960242529	72.16727883734193	51.05200687866922	60.97735126994906	36.4924703264299	28.74202233298259	34.0986726459603	30.7437141168908	30.13333639831305	32.93147788368699	29.64421698920961	29.37550597933797	160.9921566749802	60.33446447296897	32.85442902837111	33.53819715420315	57.11200057271026	53.62605024987636	36.10984646694939	35.700017985721	77.82817105954213	35.62605345126664	35.41828481551443	56.91817649594272	63.79096655503487	72.05150976325405	27.39954921054264	28.21430926994423	56.5472569358292	40.97780339913511	33.42494091154016	49.24475428927666	38.68229757348226	47.89588791760443
2024-01-03 22:06:54	1618.535833333333	15859780179.0	23638.45271597244	139068.382528636	2336.88529139296	1594.09790781639	12321.49249192299	360.9821998650397	228.2836801166531	747.6947866220939	913.5867396902116	88.11877918931357	42.83783318931651	75.81700197739174	40.05198661948979	229.949712347793	115.7158521715808	76.58085839887966	72.12597441029469	50.9344475247598	34.5316093718389	61.16541345478252	33.59867809225874	44.6296452352295	100.9969569535926	52.83691497274129	45.30370122883439	45.46484447728019	39.66890503239841	118.82197337591	37.03470654867287	35.4956869833299	79.8207431516974	220.8242788022552	106.1838559995357	49.06080378515525	54.79811811508986	34.89244772920649	24.36365975332606	30.70692965346597	29.39348517971432	27.91848026570735	32.44317034082317	27.74624521209796	30.19621515238475	155.6252354536456	55.07308143323444	34.95272217216402	29.73220756048859	52.64852698646625	43.02994639242443	37.11771791205177	28.75403941628	63.62885519663543	31.21995630079001	43.59417479844715	31.33545291032314	48.87885279865736	60.36218773135509	31.54714626062304	30.10532407762838	53.95236853814138	36.44895204813405	31.9544099409587	43.72926710417268	39.0335610518289	37.74454128443637
2024-01-03 22:07:00	1618.645	15861999820.0	23655.00064166682	134813.2126159687	2407.59510463923	854.1271646603237	12291.81600633067	423.7636011298222	305.6068763358272	356.2078565406256	863.0022691054332	88.32552281428782	34.68921736936657	62.17845825442316	45.03568237396816	291.6968119348489	134.3115647152285	66.47707002465815	87.91090164144227	44.88525857281347	29.82837565228868	42.13055867746492	32.23666961403207	47.42428015943352	106.9549517522341	32.32751472934739	60.2504585100011	46.80460214266173	39.10538206230035	125.6904984202423	34.10738243169799	37.57987649735683	76.84394640958885	219.5386606431873	87.98943687639813	71.9508788191165	59.13008275303223	38.56718517944009	33.82762247801696	26.37023222380216	24.17395155620113	26.86526166670393	25.50470539351979	35.42676338756074	33.78679624858032	157.9305930460278	69.80135778404224	31.92122257046742	31.78659486519167	59.01787002672009	48.9342231936605	41.27101825049476	30.13276841104627	74.29421741411302	26.00799510738751	45.93704743468547	49.10812739884386	65.27410903473697	69.65839403821245	22.89307579098749	29.95965810888151	53.0233936160314	37.95463837120357	31.63074751168519	47.65799326399498	33.32418545722476	30.10012627735291
2024-01-03 22:07:06	1618.553833333333	15860266627.0	23661.25976863876	136617.0973841795	2011.291343721473	2380.836123631944	12265.22237303357	210.5192454527384	251.465699829981	1370.57720437341	1029.017469289617	66.3858046904663	36.47050459885779	102.5050607541204	38.57096373630417	59.34840818849244	67.66435916147697	88.63477972847885	76.89750972767402	33.27045780683328	27.3474892545708	54.61070640939954	29.28291729485398	30.84256631226539	98.3574829052986	41.95589098560842	47.45610290385089	47.67887705700353	41.35927771835718	119.7149596390481	41.87849275589053	36.5374882634973	55.98717535515684	220.1680578914022	87.13462469028626	53.7269044364373	63.00017194590243	33.73745928778862	33.26609782772123	39.82852060718088	30.10908391091847	28.83360885729659	31.52406355492592	42.0115792415481	31.92136519879949	155.3392809237559	63.34791790971608	40.54558190837718	44.12462097302311	57.22930574007504	63.70281461396486	29.13748261581724	31.24290805504688	62.75861148683114	26.24709721364809	38.16305481343217	44.8329770437415	53.64123079853977	61.90010098120796	30.11808406428358	34.56662209659213	51.19777616243805	37.48015805789939	35.49523012688074	48.67823576369126	37.34199352017819	56.89664879945154
2024-01-03 22:07:11	1618.631166666667	15861794873.0	23665.62512863893	136277.5309311989	2052.862071529641	2315.137087521616	12284.99429126065	217.1717529114997	212.7773853476406	1289.919332281034	1021.272341911759	39.07422026079001	35.82425077867797	86.36844111216519	40.56030207741608	64.78195153854435	71.73972742410446	82.68766377359037	68.81246131468164	34.85891184504379	29.71401863211026	35.18809738074988	30.5022950477969	30.34232146246332	102.3642458118671	29.7613529052927	47.39870754120072	34.25309208897318	32.44084379774016	114.6335483016414	39.67948173150614	36.71090689588134	54.83145149729216	216.2288411772327	61.39559875194993	53.64966832689354	57.18631739992871	37.18772391419825	27.91946626697193	29.36161767151627	27.12345295780371	28.42839712745053	29.77239498750596	32.1868565195765	29.27893716106855	165.8299241631721	61.4527327145814	31.57273416032891	25.2932700525448	57.85796378074917	45.10027825884849	33.80234782650459	28.7084885001534	74.4893724218947	31.74764611538419	36.43978097276479	45.16017648337409	58.62455940793853	62.64358399911204	30.28700329362812	35.56224341164819	54.67707579083482	33.85788641479064	37.401230805865	47.89584561157983	41.08653640438459	47.01104639879608
2024-01-03 22:07:17	1618.546166666667	15860062429.0	23652.04453530535	134944.6282541527	2372.169035658347	781.7855345701555	12249.15103362468	462.9460506025561	372.0484593812813	544.3011446619953	878.7169689734982	124.9406110296813	47.33185427878516	54.98746293269815	43.66480087913413	335.5854030163028	156.3853091970515	78.97957474560026	101.6418938181009	40.11935446783808	39.86990725069612	51.98743250825246	33.51750472299165	36.51214675108936	106.6238806750497	42.36692076053387	48.98124456844494	67.24414638274406	48.1908737587378	121.0116032322551	46.7912301600768	40.85162636096572	37.95871303994004	224.5079896655544	32.22755518501429	65.90671701579072	58.73036227894058	38.96597257447212	33.99547868785477	34.23867612939939	31.08247109665254	29.60770477944462	37.87853457520966	37.08693061614632	34.74687099976531	159.0335015823018	62.39189680377242	34.93311630152817	32.50577097492508	52.98694833297498	34.77954774403542	33.36976990403696	36.26913687164127	59.76570868575794	32.22182888268612	37.44001120780305	37.47648117849793	47.12462306023733	60.96111145088898	30.78565556658398	33.86414374470223	53.85518302151846	45.77540883075677	31.76579632393591	45.44428335572252	40.42350762288766	38.55651250908356
2024-01-03 22:07:23	1618.751333333333	15864172712.0	23672.90616488876	136289.6639292841	2037.177168127971	2347.303106375497	12282.97557574217	212.1151304396685	220.6663206175741	1313.017603795924	1024.031203820913	41.17058402613104	29.20937330356835	82.83400802675057	37.49076291370005	53.65554209666612	61.2623467738495	70.76754093971986	54.10891308732662	34.59670523407038	34.49226697548483	33.86622028076575	31.42804889243209	46.38319631056294	103.8894215659548	33.19682954593107	46.86567542736196	41.85935501452178	32.88567540283839	120.0275237099425	35.31445778902316	27.53328822051193	53.88147658195775	215.7665967674276	60.34572978246774	47.38979342084193	61.20735876689331	38.0543971446792	23.9478876362976	36.51928981841564	28.39665952001436	24.86681883953462	34.09423142676923	32.8024425571577	28.18831089515972	159.6176741516637	62.17772083447309	34.99743558685876	38.75889230194822	55.45207944171069	45.31416976048181	44.80364440772694	32.35032815214758	71.55788805592134	33.97069265401974	37.9872818639424	53.38969562151638	56.60940315391849	65.20751314728875	30.32468686345829	29.8675541152795	56.52318943675717	37.23999002962964	31.18607187084441	43.71625046840985	35.40728959871664	31.51932046880962
2024-01-03 22:07:29	1618.664833333333	15862243201.0	23631.35749663925	135380.5800940977	2243.991574039706	1923.745926214134	12318.95909731269	300.3856111891376	186.4411812158756	967.3200286770553	950.8756667992835	50.06853280018513	32.49431505767258	80.89445326695989	38.59923517367066	166.6048492402492	95.18553358973374	66.02791026543112	59.65854122138504	31.14402554929646	26.98850882512218	36.26311240853086	31.25910813730148	45.84315282394642	98.46155244849072	32.79848217501274	49.40734835718155	42.05376344676561	32.37817452610075	115.5058268479583	32.61345089982401	35.38740921320992	49.16632236600262	214.3543417697258	39.78807798134342	54.87944864222595	54.74647504082257	32.14728435295507	30.1581876206942	34.18697515577094	24.10175037148774	26.9497450873677	27.9721619371218	38.99786784601915	35.287517054152	153.267871868754	68.87507033375533	32.73139793299699	30.0650128257171	54.85148568046285	49.22258789682899	29.0909414405869	27.40196133093469	70.97271301683736	27.4523655959905	33.65126370231561	51.63012920740821	53.56786020733505	66.57581903090835	30.26696783018162	31.69894883538929	51.57650584777461	41.33763076361388	36.1014009988098	53.9381435648879	36.38628679926508	61.80560682657434
2024-01-03 22:09:06	1618.0925	15732888895.0	3924.810610416345	136880.0830797268	1826.118895428415	3460.021167547566	3146.923802218963	402.4285894860047	107.8144189421818	831.4673591096476	567.3064835045334	55.37574496099475	32.85051467815573	53.23083601815959	46.37106668162	323.2136327873386	68.52233633847494	60.32530808397405	50.41923774814276	39.80491175801743	28.99974990372145	27.29581427980227	31.34348275241114	33.13419097995779	97.15768233183879	32.11929675097435	48.66906405883855	45.21722350486464	33.70593845055278	81.37369082152651	36.25890204139073	30.74132850620129	41.84687543958828	154.601949354878	34.41425578353387	61.95805203655449	41.48751217897892	30.94065292551238	32.52083325758394	26.7033990834145	25.67092774230638	25.25995354257249	29.42918871683389	30.78295656579033	29.93751362014584	148.0919048866711	52.69739074670703	32.97166559240356	31.04544657760988	54.52401130816166	42.17044800169788	26.11404224139427	29.54184033227883	31.71202644130738	27.72941686932247	34.9132079659989	37.43896044474351	29.45692900256111	68.63865481500676	25.20736681128813	25.4884539706614	53.92941457295413	35.78493241668664	32.95887578734998	42.41231055994276	32.51248810307096	30.86182172064512
2024-01-03 22:09:12	1618.156	15734080978.0	3917.989330667071	137217.8959858148	1773.187858933743	3542.424977089465	3079.040851088031	429.7812922579932	208.7285112852472	1211.054959206799	614.6740625092406	50.53404544288611	34.44104186833024	40.52223859942648	41.82210481430469	333.8547047819165	53.28509623201755	55.64294582142528	52.99656524058835	47.99182772984459	30.13915026064093	32.08792636203395	28.61985498932055	31.43428401522786	95.33419383088172	33.51150897679877	50.77680278382639	42.93652947618769	36.00536491067304	84.18494797004261	36.40976518117135	28.32397302061528	48.2997841036839	150.9828690043949	55.52001678276017	57.087339806674	50.49581057552849	32.58727740583301	35.2321818498237	33.17591152409947	28.31389749974031	23.31489984740755	27.22159980245092	33.33295335843468	32.43809005477075	140.29384374308	60.55579146789655	33.96815677250129	39.28778561557719	56.53997950592324	55.4181539804915	29.34301149226408	26.38068116248827	31.04842979777955	29.60287011822432	37.80825726160572	40.89454412530588	31.65670222620759	66.4846770619694	30.88477772050053	27.00018567963426	54.3816469435663	34.40474397856295	34.64878781618973	47.36966637643805	33.26359241524121	26.33662537532039
2024-01-03 22:09:18	1618.173666666667	15734420048.0	3917.325839889236	135918.3060219868	1691.040408926638	3538.532094165962	3042.412271397743	432.47929941352	120.6006339771922	822.2161783552128	570.1580689491936	51.26102296983132	34.03136592147023	59.43992260381056	40.18650387805429	333.9667100745596	86.90043517050196	55.97439979280912	51.94134285569015	34.90165489031081	28.66803109634633	35.26437284350864	29.79791549757889	33.75789264351857	99.3038033136555	29.828038541765	43.68494792682061	43.98765932851897	33.98555080805632	82.32673855974204	37.52801760139013	31.31408886332512	47.30589446164991	147.2499201969619	63.26184521959843	58.03832307944583	51.82788394927589	29.94630554340829	32.71511481666752	34.90487744071455	28.5782427916925	29.11599421864013	27.10609629848916	27.55915824753386	30.190220945508	145.8379615394576	55.68815860008888	30.06443374351929	37.56664189568738	52.80803667045454	48.30094606560389	31.73171344607923	31.52323515875526	35.96976707444249	28.23361979437836	44.1529553889033	38.46152787778158	31.37645646623093	74.5257635600003	29.08876739403635	29.47691593592472	53.87232762957419	34.46655421076527	31.12582632158741	55.21539855140953	35.45998586205057	47.65145607846502
2024-01-03 22:09:23	1618.193166666667	15734803999.0	3918.208519972395	136035.0173539688	1742.787230698796	3437.80817299496	3100.613798390917	465.1760601514488	188.4616990241128	892.5413122092571	586.143106896381	69.17850981759526	38.62928021780924	52.86691607149203	39.17923099833268	362.1747837747832	90.83262881948554	62.15663235236496	72.77739021501284	37.17448407454005	36.04478712219458	27.59184954377369	39.2761470478711	39.49146823632809	88.90255663267347	30.45577225051336	44.29211882519216	42.52711057143858	42.64951769282243	82.78026386667091	35.78047333568561	31.69313568458058	54.94541310458102	148.5682209412379	75.33273922821849	52.31615496184196	50.67600593571896	44.55349491315187	35.64389068081827	48.27046542585088	31.90153679866919	35.27433503366639	36.86745304377831	34.35302161051053	30.64907781183378	146.3809268346108	55.60107421054552	39.73448583062711	28.36332765366071	46.74718039792579	35.99925465503404	33.10494544311291	33.96514627346589	39.23142878332023	30.57693891646521	41.42427646825258	43.2902468031557	29.61611653963831	61.81358574815524	30.76234998844724	32.93143081884439	56.53769631332294	40.40686542049217	30.97755881165277	47.36024938824505	39.87405740465307	41.81664832155871
2024-01-03 22:09:29	1618.49	15740498834.0	3906.592233333271	137218.3814476065	1799.63995095495	3366.301634025489	3205.185725112412	390.6485890105078	121.3170721927009	906.6822728184995	543.0014224037003	36.28983828747748	38.69258155529495	34.22600447472779	40.08287613844865	310.0443143470936	39.99652367886581	49.92049612294124	39.43730017128576	35.81207994303146	30.61283597028231	27.05959968324789	25.88621198378537	34.38246813978826	91.52830838937814	27.91868461904453	45.36627499323679	39.41851022906631	38.66886746263294	85.92640079783897	36.2918964882004	29.41552927608016	42.61496670545755	152.1589796698114	48.96890501469199	59.69901556157955	59.77250362706482	37.14044814258499	34.14524127921991	33.51251640172317	30.54021000952538	34.05267380571915	35.15267092304985	35.47514414737326	29.55340199496877	144.9185335475158	59.65452465739259	33.54564316865661	32.23753269688817	59.28686734883097	53.30358619667923	34.36019672634799	29.72756808130998	36.16262960674445	25.64647955409785	35.56434547039593	42.14410465581276	26.12526465411004	65.14906148813797	27.37698744872644	27.99786986498948	49.75962012829806	34.0008369240651	28.33684061423368	41.21371794657757	31.7367835851921	25.53704427418664
2024-01-03 22:09:35	1618.333666666667	15737476466.0	3908.887666555587	136171.4052111949	1758.648607714674	3394.87134167144	3090.26438644783	433.0304788853576	184.1220283776487	925.694362774773	583.8110353126353	62.3530283381838	34.33151486564557	54.89380251771448	38.76779226042719	354.5662163801584	93.75209245054182	54.23140700765982	60.82087332493307	42.03827833693325	29.64185879478082	35.32822858932443	31.72447298426668	54.93004274528859	94.25946084522694	31.01408271539183	46.13960398055832	45.31206829646611	36.69435850865588	87.96679068301195	32.56958878794683	42.87313992839196	50.40541342694651	151.9466888552191	43.27501104092379	58.41385579766111	57.76645644699365	34.01188653434368	29.98190980179547	31.7511855062344	28.39671050310007	29.76262918348333	33.7461664201908	36.04768832714966	30.9689432072284	145.6606599262924	54.06287214467358	34.74488912849371	30.67445844833626	54.76670587889357	42.50381488525159	37.76103432798695	31.34541845671554	36.15478498569938	31.66180255028303	35.42338899560749	38.7373202331613	28.68487153846119	65.19035108388393	32.95813467331374	31.88807433472217	47.95284754306093	44.22862699989282	31.00461037610237	44.91445946835278	36.60378812612533	31.91738528890995
2024-01-03 22:09:41	1618.381	15738324074.0	3896.951172333211	137890.0331851465	1738.102321117182	3525.637081856488	3086.09744735272	410.0579166949717	124.3670689231818	1073.491095775612	558.7870021803084	35.22612876308983	35.8478612097696	45.49282412697477	37.40513670427499	326.5294684759181	63.6775549452368	51.56570563151095	42.74348073751761	31.85612011718698	32.79138092099333	33.75379072235448	31.0195819824531	33.53169484800236	98.80222965943415	35.26969282619929	52.46913936101369	41.6073511303337	37.84221383717691	84.00232434303929	33.26733392634902	27.24827098276269	38.60897273817453	155.1180283851012	36.92536876069639	48.50755678555664	71.15744956231076	32.27982433812025	39.21922078864414	39.75629473442772	27.04291357776671	34.59383311050975	31.54210570614794	48.54457408390831	31.64853659480464	149.6477420505431	51.97350841806368	41.36569912862707	31.18339787168809	54.20932645244628	38.38592126569075	34.63366514224406	32.13139340748067	32.82413360587854	29.59482193108794	40.73370200969617	43.84164066444332	27.49944733013778	63.79746716108381	30.7111582118728	37.45463058854659	49.91556114701407	35.80204191128121	33.48145361996162	44.57853297008293	35.89459581001832	28.3543727210794
2024-01-03 22:09:47	1618.477333333333	15740260524.0	3907.875486222561	136124.0192304341	1953.225771788853	3459.114409421054	3024.484927272447	480.2669753565411	161.0456279834814	841.9039542229472	550.9807275203281	56.01463867065676	34.51091408486025	53.12792328653044	46.91632208066212	353.2565603562438	90.15794287323888	58.02938616618485	58.40878705637231	36.72600598308694	31.01908716647278	29.38142599557062	27.13667356136651	33.43584684958145	97.02495504067709	31.14307368424016	47.42400135852649	44.42753431600442	32.36407635200305	86.36542147470902	32.34060103622525	31.08092740972699	47.03631498027273	157.8219832697019	67.84907754025373	69.27246366474783	51.10960348250534	42.75454477469388	35.84313379355286	35.60342844634042	25.28646858258944	30.86166029225495	33.29347529285311	33.4372975782197	31.3504297522335	137.4509601853115	60.90583230715298	33.36314755806682	33.27885036237695	49.14996472676524	50.95985097916366	46.18401249567302	29.68841234503392	30.0405411028302	27.91117306478722	39.41225086853176	35.45302991209306	29.20512305978968	68.88279819284323	30.92718194175746	31.41977998877586	50.36097889282993	37.06495935780284	33.07355824280811	44.74780896467801	33.49086041870964	30.47611749915598
2024-01-03 22:09:52	1618.2905	15736621363.0	3906.084776416421	136952.6682988884	1809.607530296846	3421.250386553888	3171.278922974554	402.3273199830376	116.9504037197265	857.1331993586721	560.4783645478162	38.9973968144831	36.55876188944858	43.75768394587969	36.96229855266468	327.0121592722668	86.18639664718181	55.39027337814669	48.64184559331736	43.97606457430987	31.01699796122441	25.78596031645955	30.35497818981627	29.84438925255041	95.91070710760435	26.28425727720728	43.13766534700001	36.59583929106655	36.57834495803493	85.45421418909757	34.0827481275013	30.6392469514406	43.73520741111008	156.7046834064324	49.23467480037046	78.10652244245489	49.78030426126339	35.03616344398286	33.82086307980872	31.39822101649657	30.77762026714396	32.06551847546583	34.89641432430922	28.59598353127596	33.47769262969642	150.9948206769005	66.99967204720139	35.38506851133777	29.34997361752241	53.50960835363353	40.85216154334032	36.96735356857494	28.87035777898705	31.31340795075753	32.72540325921937	40.15736965233437	46.46451878911812	33.13672990085792	67.13905907906697	32.67143303404846	35.07528518294181	55.45906299210929	40.10970320179528	33.25074646184136	53.74352952090999	36.78493127845568	41.80591498524529
2024-01-03 22:09:58	1618.420333333333	15739059936.0	3892.280653222464	137361.6488208592	1704.499170943937	3454.082312203357	3082.329609690648	429.5646091651632	136.5256886753741	829.1558271984227	544.5309024665686	55.48597836813371	41.12230638502815	49.28819181154599	52.74447548433784	340.380013548131	97.4813140269156	58.00080183503815	55.66623275641587	33.41392228784781	29.54451314908316	31.07865315646218	26.48672522769398	37.55752731023684	96.85341011150568	26.46887072091743	46.14268624339962	38.75717298106005	35.72594186970945	79.7386402025066	33.70768671680405	33.36018726840969	59.08095602396072	155.2153859894416	83.0614354825893	60.07584668686877	59.24926367323009	37.02807950038363	35.30084460108358	33.26086217987546	35.06718991683134	28.39840084688511	36.96686832600344	39.54942427666848	34.59105649987047	146.9015294136831	55.19575839286718	32.53558069873526	41.67871850268001	55.00448836297402	65.89026653095303	39.7077682424033	29.88129130539114	34.39141676130757	27.80732869587571	36.08300094952837	39.17480298066798	27.13469287289094	65.85556577053981	37.63827319618286	28.3479450617348	51.42614676144431	39.61694148174431	32.13405718152597	47.54399159386276	32.07805866963496	38.51655112945267
2024-01-03 22:10:04	1618.328666666667	15737346080.0	3903.339978221804	137913.2199278707	1862.597791365215	3467.442581836134	3017.655628908289	488.1564634792517	231.5284460339796	987.0508435773498	600.6816028563693	54.69535487218447	40.923058637114	43.06760711004941	42.17044566448447	389.232288867253	120.5802163417829	59.46394201081162	77.4596527371749	36.19869269165246	29.81800343691569	35.62765534226499	28.15520885987378	57.9956086457442	96.04963751005967	33.88649335157005	46.80042951839295	37.94541124940019	41.05091889926783	85.46181546987096	35.62718267227955	37.56605831748706	55.83267058035748	156.2530266607702	60.58205693010458	55.08774240365089	57.19266372634948	33.68254373138195	31.25071419099478	45.42227000958531	28.78193614897167	29.8079121963254	27.05465624796148	28.5714582089244	26.67817701896195	146.6516419701301	53.43544336543173	31.3379126066506	28.91441312809208	49.86562155063865	41.14712317622006	35.60523137504607	28.79375246737413	40.11732819591301	25.95492670465056	39.92425198527956	38.4888490115312	31.27206672396942	65.01715658848339	35.39337751368527	32.34740832704259	54.76636066456182	38.51960075153942	31.69896364006286	48.63566370170142	35.61937422743282	37.63078743964579
2024-01-03 22:10:10	1618.405833333333	15738853457.0	3904.801465972792	137229.9881289457	1660.237379275938	3394.252525543696	3141.878623888656	397.2419988333061	139.8776141210557	920.9541679139173	551.1584841837443	50.91058450198705	32.70875023168343	45.45321441535602	43.51211916890234	328.0533913825758	78.52377296449797	58.4914675282306	40.0448380057658	31.65028177787464	34.53095494209815	34.62070426321635	28.73785162588096	42.51099719581151	97.13811530899761	27.83023734929329	40.755618866292	37.13279424730662	32.84608595676771	87.79478272522411	37.67239561179448	36.08999974711111	47.09751565168177	146.9741143024082	64.29176454017531	58.5438518113295	55.60767495078716	31.36168769209821	34.19199571516258	32.15944566714214	26.35150246805184	33.42889814382774	32.8675853663049	33.96539453107629	31.48392788896963	148.5490079057668	64.01514134796214	34.54863800035709	24.64361723902083	55.52639748942529	36.84875462992181	36.26636536010577	32.82486166256662	33.87332655591614	29.07934186149637	36.45957535772738	44.20162375484428	26.67668599120325	61.88355978585304	32.11637793881165	34.57458444515427	55.75149030056116	36.42599739241511	34.69187597716523	44.29887945549388	34.91065104286426	33.54906422318735
2024-01-03 22:10:16	1618.421333333333	15739172250.0	3907.762811555993	136134.9602081533	1664.077872948787	3595.441550805235	3029.792157473445	436.5209816735311	105.5992303969526	964.6151069210473	556.9179653087967	72.77484071380111	40.53472605806063	41.95988557436139	53.07209577283236	341.6946327841691	91.02655532746633	58.32314814452504	52.53371259492639	39.8590652060084	31.02439040093001	31.70378153172379	29.37580903687438	32.4308906128116	97.36933752997436	28.67510819910001	47.04416148601862	44.03670851701572	40.17712462311302	88.3715935624038	40.82393588445494	31.64462824697525	43.23287962634905	155.8175316195048	46.62364222644855	53.83401639479992	54.69657165579012	35.46144995594302	32.57561134550482	36.32632407989563	32.18465226528629	36.41740278896973	31.71531212262687	35.21694203185013	32.60868601527808	138.8270901028671	53.00442249661871	30.02673062853991	31.54122538121612	49.94829749786754	37.60826961078025	35.17956949064915	27.70830504875417	37.32307947946487	28.48527084280605	36.62248129580436	44.29428520586008	29.11525553187439	63.11836843532825	33.77431107645044	33.07089708569202	52.95463236009698	42.68809466347982	32.28660064217119	47.97237869969445	37.60658480636489	30.92400921343427
2024-01-03 22:10:21	1618.3125	15737042769.0	3905.113843750209	137202.0433228239	1632.686800938226	3539.259441377196	3075.053057814773	435.2607355667799	158.869057738933	864.6044520285232	597.5470882648698	51.13136764151533	33.76971387147375	45.50245561665231	42.47895301742587	341.3402927603169	78.93830174091525	45.56323879569099	47.86853982405791	40.88342929630073	33.30737425543013	35.02096939556843	28.85271620265418	30.70795115356048	96.92368774504403	33.98202789518661	60.88324202535401	40.16674296355146	36.91279374787756	87.74991725595602	32.86525386527353	33.49154020416175	49.09005057496049	153.5927113719974	68.37100694329001	46.75985158046118	67.703070163697	37.87726290291592	29.95224205994604	32.43081558625498	28.02688507701432	29.52875131874366	31.3703263733143	34.29193790776282	32.40677286883499	145.3484344363106	59.72890350215887	41.19725002271242	31.353286691242	60.2842101180165	44.06991635235315	28.444908160307	30.65331359455681	33.94371218141818	29.44006394334502	42.12129347643664	47.71604526984576	27.048613678735	60.99024205449572	30.39716490033413	32.5794661462638	55.0311799718726	35.33428700022672	30.18629691437662	47.59524312837247	39.37416230217235	35.40918152408599
2024-01-03 22:10:27	1618.466166666667	15740004553.0	3901.359521972481	135979.4314621389	1675.947412871268	3541.187552614529	3031.141843972316	419.3629810648876	114.7792295938951	833.7756050660654	560.6114428059207	54.90620088670224	32.5790650986194	59.35471280184011	43.86027705403751	332.6531394497189	77.78615052166883	60.55943892526119	47.35816168897242	46.82285176584713	34.31912731496623	33.90347457790575	31.83925626156768	32.49680579391985	106.1154606140349	35.14175701534869	52.33863478263616	34.64150878948982	34.73031002080345	91.92086624492516	40.48847366323103	35.76816949152908	46.7106671010805	154.2801489595477	57.42501409844042	44.70685926825657	64.0399876869318	37.03407857583793	34.20013642597725	31.89161036008134	26.50897510324418	33.23384015675608	34.30977268936731	35.51651161207192	32.31221587027331	147.8799186310848	58.60611216127659	47.00763771452414	37.54050823315278	60.22251208387591	48.03454691866968	28.6870297457329	26.60750227897523	33.04499055425666	29.6516861357867	35.3324538771711	43.55567124290297	27.81756886901841	62.71667793119914	45.33007668393323	32.7589677116406	52.85274430125898	37.08841885816144	32.02632134594521	48.25991319972402	37.03283582751255	33.74445252851524
2024-01-03 22:10:33	1618.364166666667	15738006297.0	3898.473549305461	136684.7408389875	1710.804097012852	3537.495801706093	3050.197594464854	400.5841089611255	153.2167836629455	1107.530525122181	580.8277064892501	35.93105572174424	37.25758568825033	58.40060970374315	45.0328539291019	321.0353616083763	59.93065566327583	56.07190832057456	50.62585815929901	38.11218769957634	30.74407894547343	32.77856096928981	28.64245652273594	30.27978306128224	100.5192051885146	29.31810738467192	53.34930941669207	31.88149014298225	31.6637412463568	88.8948092160503	42.5223940129526	34.27987262036574	48.85987634451913	151.5176246588169	63.90550575045646	53.68240704734053	52.72292603188329	48.8987962327436	40.74443588509058	41.61342873701098	32.0740788362822	38.61625039277135	30.1468763785527	37.46751139496945	30.44900572922381	145.1231770429459	53.13987389370205	33.22138914151616	32.86572422999575	52.84246579238887	44.71610640825892	45.25866559034264	33.32370269383889	36.16695052533871	30.59633197691459	42.63407316443887	43.00164301058314	30.13522342435889	66.57156281640499	30.29079055490698	28.5510120271256	51.12872793650608	34.99514532794542	35.01453536064631	45.58998387512244	38.43918288894773	41.62428689015637
2024-01-03 22:10:39	1618.541333333333	15741420760.0	3894.078958222177	136695.4378080066	1652.186621408573	3521.972866625938	3100.568055604704	440.8758173798282	191.142290629928	1065.566281215899	622.8939720243862	41.08527130183085	35.85723022837731	36.7191878373571	44.75729161957717	343.0615511126251	70.69376361264173	50.15812302627733	55.31015375845245	32.92166339255792	31.68682558181036	30.89439692127478	31.26994558437335	40.63322504683365	103.7856031276585	31.35935485198503	51.27216664694695	35.26041688496344	34.20541699540627	83.97734026169992	35.85954611964356	39.18178643746329	44.91243430527747	150.9344025245901	55.64129654100168	52.65391561107251	53.3262194245203	30.80403161746683	34.40406782551155	32.34863105757103	33.24001472013707	28.75396031328343	30.57407478432907	43.456656470805	35.09076015811296	151.5714824318531	72.61076849261512	33.86088847967505	33.1434897636726	52.15865569432113	46.27243247976345	29.15727964843711	27.62466648959121	31.92834918378804	26.52720673829297	40.85666933414983	44.64830966896946	28.68695451633961	63.71774479518618	32.24305341204752	31.76347560358697	52.0517170268569	38.79769666100727	36.72807617060064	51.5010294928522	31.39183184921037	41.17449850225991
2024-01-03 22:10:45	1618.413333333333	15738960364.0	3898.343155555427	137304.4171952268	1773.234051767151	3520.067485182767	3067.071446045329	432.7888162721724	194.0506432331518	1184.887828169121	616.3278804287082	61.38433932453711	37.79701600262853	42.39370793392423	43.77510946689496	326.2163022471606	63.40578629008958	44.06201375798069	42.94789953768336	41.20506793753002	39.96231366828751	28.64908583832101	38.41507577761762	31.93886494618743	96.37384605067757	26.76653827501888	43.97182611408766	53.61519337358403	42.2491067188541	85.76737816138639	38.73248079281855	27.10809937840817	49.1727790925914	150.2954033350105	69.94959399525315	79.03745297561376	42.53321765329623	40.99489118178484	32.66928422687145	37.70414517339041	24.47684086184989	32.67332104307313	48.66149845125808	30.11352266018199	32.88749389867581	143.5938458349909	64.25484021514815	45.16894775652192	53.0865395472329	56.22979215583354	90.67595797677458	46.36017960529063	33.79813131031215	30.94653897180085	33.42469160826504	34.52609389115249	43.39461326447945	30.11796567977179	68.91751892525605	27.10730077629452	29.91743810576359	58.11113553995696	44.1763204856185	32.79693174137913	48.02425053636028	42.01865188325764	57.24869098326555
2024-01-03 22:10:50	1618.580166666667	15742156977.0	3891.073573305737	137197.4158347805	1783.319938500837	3364.778266302867	3175.43398301593	416.8356301999005	94.15127408881827	905.9625312132478	537.9882463998764	47.2075779287824	41.9955636732061	46.00297652836026	36.12568011611677	312.5250387179859	44.9320487821983	55.83379735896603	45.82949738496815	31.01214044744207	38.72635890086608	34.1729167066679	34.16842835788849	35.97065848188283	98.04541793660876	34.96907668301566	51.3289561843582	34.81012452702053	35.97461930199896	82.49921726708853	33.04483438595025	32.69427174602033	48.04983533953718	143.9000148157817	50.94498799462957	49.92134565178565	63.70568682726093	30.14852207352413	38.2240667033883	29.84193759874202	27.35251688221688	30.37294690418855	32.51649808588984	40.42828879176599	37.12262099326871	153.1858926585421	60.46449978937916	30.78998504663997	26.17213756525388	54.82754816850085	32.69240016706527	30.8401693864962	31.259051562748	34.71182010958082	31.09171760511522	39.4799455543725	45.86235257026437	27.99152224816993	64.21948929935078	35.34766229574838	27.36099557676728	53.12128125149977	36.90623248443286	33.96691716245181	48.14293058085973	36.43974818484697	36.63643466376252
2024-01-03 22:10:56	1618.447666666667	15739630198.0	3898.849927888718	137425.4161027553	1640.18173947092	3504.467683461422	3143.980401787108	411.117358926896	162.9376946763872	1132.617309553539	587.392401218907	51.72863995272537	39.73589233787319	37.46849803153069	50.25041466557605	315.7808781144472	61.50384294601217	50.39214561312664	50.94347320443391	39.54692602257877	35.53290286508784	32.80505305130566	33.60379197103852	54.68316678849251	101.8099454680365	31.7516579846333	54.84208862767291	46.53336242436669	35.83298833834908	89.61383161351924	37.25522702008866	36.19099338390438	48.84211354049114	150.4146661614385	43.75110181624255	59.41125949772802	60.75443745927713	42.29379756792541	29.290632686805	36.59167411164801	27.50647548668433	34.89725282368492	33.64477362880984	41.61140517675206	40.89646486266071	142.4264575160974	67.95180812619942	30.97166585689552	35.76731117560696	60.13046529311766	49.46093243382484	32.93562140484731	35.96343801870027	33.38879382155794	29.31481529313439	35.96490661312848	42.25335310972899	28.25542582297817	68.6955819842965	30.10854191017214	34.15631924305311	46.92719394142041	37.48560155336565	36.04721623578815	46.45634460139537	34.03748600340587	36.59854502342965
2024-01-03 22:11:56	1620.124166666667	15899970827.0	25192.82241597166	139819.8920662622	1941.487547492293	10440.06363757546	6891.156027682072	633.2066421975303	402.6906610564749	2407.131304569686	1662.139095900157	148.5276536723749	48.12480364846435	58.69409211823366	49.07455155707311	445.1955877680544	214.9914633660375	80.15320350924328	129.1739513566177	51.19191037288673	38.84052897629478	33.95279295189148	36.31336085995487	55.8624617401102	92.98628622226191	38.24891029063507	64.23699921255134	68.87827073415457	55.24978837793271	50.66291752844455	52.82105192995139	44.1189463546833	62.02365388847708	48.57315918303849	77.65596477346267	47.7097346116051	55.18037969790831	35.50620169046795	30.48418959960933	36.08579272376664	28.81687101463606	24.85055875973827	29.17716918519614	41.39745778115407	32.13728454454849	144.9946399733083	51.74027043594529	40.21894817584531	30.85439731207545	47.73755417213317	33.46921268314446	37.75645686926383	30.43253119265497	33.65455983738583	30.78957466713923	39.51969929264615	46.07110470185253	34.1746750560677	60.92213541384816	35.70447486059959	34.52123489127257	57.41732974514032	40.4190655034033	29.34612229307476	50.74483494809436	38.68516912624149	47.3734272857292
2024-01-03 22:12:02	1620.294333333333	15902421260.0	25049.81670122268	135603.4477654175	1736.551654213629	10440.82509792829	6857.995829433455	520.7442842939174	290.7288166991187	2473.096689980829	1630.804449371955	121.2635498955881	38.59506408359005	70.45368803426835	42.19130322089607	354.4000437530165	174.2662849279496	78.56141195124104	98.25881174164775	34.31781063801511	25.81779809981478	29.87113387886616	29.65153975226084	47.20866312809776	89.35202475407351	31.15272467461832	46.69345988160158	59.51381618297288	47.95259720902231	42.34822323720395	45.03977621889799	39.17039144236991	52.38816403379899	44.63178611710421	56.04933534220518	50.04476147917644	55.66832178384956	31.14374049973061	31.22266643610971	41.66801066656844	34.18738987425454	31.18395848957546	33.31764567573666	43.7487501276207	33.84628033036301	154.825147269935	62.2067766697394	35.01667415597254	28.80207692472645	56.25194786087454	37.93162525310469	29.82991602560291	28.4855481100368	33.47024926347192	28.38754237280703	38.48786914067878	43.92010129319738	26.39781336768292	59.00804005980875	28.17228005010914	29.11399170555094	55.27534342020402	39.66463735155369	28.22149831610645	44.65480061817106	29.57209213212438	26.66908269827637
2024-01-03 22:12:08	1620.200666666667	15900011834.0	24951.7720662225	136936.4941392395	1621.839986504213	10091.76238411322	7380.572002048297	323.2938944580878	383.5417041008194	2941.053704719047	1687.712107004747	54.44025305123236	31.89192407171324	56.73631321305066	43.35957342828593	136.9346072660728	86.8360158243004	73.74700231414718	74.63641162169084	36.96710211322412	31.1442263940818	34.32783642974506	29.42898427743195	42.0500310809144	94.65428288371554	27.50688221270572	42.80545782072855	37.94656186209061	35.83763288779158	32.43353473317973	39.5041660872845	37.40104522393761	41.18845529890995	31.09208565975952	32.22116155379749	51.61442302543443	55.25115339534046	33.07913010099624	25.40455077385285	35.14446474361629	32.54932313187089	29.2774132122619	28.62810159724997	34.26133152021637	27.05167979832778	149.2058539893806	52.7042433874722	29.02990064311063	34.19988473930999	52.32166489011006	35.2145516604193	36.6181348875452	27.07557252497898	29.03247080609487	30.65789642222436	34.45546656654957	42.28780553990362	27.12412974461595	63.3425459555277	31.85375134115115	26.22490892569763	49.80109608750152	30.70815454320593	30.14139355191498	45.12954586606144	33.18100293951284	29.50288648709255
2024-01-03 22:12:13	1619.814833333333	15892206701.0	24901.02254663873	138798.2417990901	1800.869074518361	10420.29989754508	6843.37998196644	480.727198527439	292.0795407168036	2623.741906538455	1619.636193033217	107.3111262986332	40.26968751529694	62.90115731968282	51.59011537510191	295.7682806567234	152.4096581615055	69.13101888150925	90.9291080198771	30.843589913795	30.01778621021458	30.05462833292749	33.48757654712313	47.59129529851302	95.79730662748234	25.67430853371794	41.87638232441589	57.25818082036438	36.48609077963054	41.03461908953211	42.59800676012281	32.98220516024824	54.43125444867402	46.50608272412221	49.99342469792999	47.62635122711841	56.01122831909617	42.89205752480362	33.19079404569478	36.35499002071872	35.91974760289747	27.9100074178843	33.38358683688878	36.03941936058699	30.55795487259126	160.0212015584449	58.76138070105102	34.12688565999277	42.20767813894765	53.75547258877793	40.99717823727116	39.64604398064309	29.68319341599464	32.71467832306663	33.63069279827764	37.10574218177253	43.27041208600756	34.66819025133637	72.36532152045257	40.32821737118219	36.43075080958479	61.02410546394513	39.68812172696074	30.36877600807024	48.18176666283082	31.86566801866228	39.44085273670233
2024-01-03 22:12:19	1620.007666666667	15895492888.0	24823.97460788907	135420.5586961077	1795.086328732024	10362.11446280107	6894.217984114613	464.8582318672696	255.2886302816836	2732.832092698804	1614.147556910803	92.45083538171615	39.66417872357997	79.51892073267707	43.8076602679842	269.0260530507933	145.154506919198	69.17813361001527	76.0938403302598	38.48227755294137	32.26452816297574	33.34084091418063	24.69064975357366	51.8170756863933	96.40725069699621	31.46431487593344	45.04157474693015	47.75127432980672	38.73043737495963	45.03990456790699	37.0177970432132	33.10818200181505	46.34856501913421	39.96814669321806	41.39364206485692	55.01444403881941	60.08484851332901	38.19662515211778	27.4225417202761	34.47402999864808	26.47191644333473	29.7794217371829	33.58425714653931	40.12697402218745	28.87660501384393	154.3355513590409	63.06724038926443	32.67944848780862	44.33992464138549	60.82853280074406	59.93692672319943	34.74145569221528	30.24584378237861	34.0962264284659	27.09126651521087	36.88542093622455	39.81802799061994	25.96791588146029	63.0456554399362	34.61188110522182	29.80323624872365	48.04450608102851	33.24336794467944	31.63222979949361	47.26318429685785	31.33740673646681	41.72240547631572
2024-01-03 22:12:25	1620.027	15895232258.0	24717.89560433337	137523.1111073048	1417.260473890459	10076.03991475842	7340.025731396022	387.2665152858423	412.6244814483127	2865.823529400504	1714.056159984664	73.17657347888914	39.71373847486426	57.95635962564912	42.57746912702144	223.7051466277446	132.1404246058787	92.26190847122612	108.6998695525544	37.25494535276716	30.64234779276151	33.96908925115478	31.48278821314781	40.11162951491649	89.42008153026599	32.0776819773311	54.728101236693	45.33784564678994	43.57270343443849	35.64198807301529	39.742727405552	37.61353205150258	48.61725736087887	31.42000994209232	56.41472562200645	50.80609631130831	54.43126059144716	38.80181592837456	27.75871615434478	28.12254325832034	32.66821732985033	28.34985781113721	30.47865424638329	43.22433004799127	35.84843973320068	159.4060309224026	65.63449792547972	34.77168720066113	35.07616126956836	58.47411951607367	43.24011488386608	31.54352311558679	33.79714218084593	30.57335196697037	34.89770316785874	35.28508093092964	41.58482203709819	25.28398504443282	60.26693203358854	37.52316395356426	36.35107489489091	48.59705838830716	37.00924791694678	28.83855229041576	43.08203673516581	32.14395669675822	39.55777207750575
2024-01-03 22:12:31	1619.911333333333	15892881572.0	24700.86747155571	138680.3122875792	1270.105381081345	10105.19728723931	7267.091876120762	522.5717885258807	431.3917894690927	2632.023523406513	1691.87234973078	143.9093943421489	48.6295267228227	72.27180926025572	51.74443318538589	358.3417026037159	193.7698923552442	92.42485544588388	135.503651861354	44.72388387456035	39.74617073517951	37.96908393498151	35.96970401074238	42.85401738339057	93.60169520471639	29.69086926077521	47.20610156851144	74.21726851013037	60.89444090353896	50.01942913920326	49.1735926938128	42.92315819033617	51.59928998580431	40.3131103079816	53.13034228565783	70.04186036295803	62.98107324767707	41.54243223251216	31.01039006094168	41.97878922819668	31.40042088898895	34.35362591044034	31.03976174439135	39.21270894740129	31.23661014586857	151.7813484136424	61.04330019630479	35.48991294230715	33.06666965746798	54.82872141590172	41.11215827504129	37.90240528976593	29.04970861350395	31.61426478345097	30.86000077188974	41.2175368483741	51.99646259349507	29.15508335612515	67.30282168782098	32.31212459800035	34.8083384740476	53.24600971497334	36.87831036182964	28.40330106615673	46.76843282764505	37.27699656797961	34.71119304140199
2024-01-03 22:12:37	1620.146333333333	15896982900.0	24623.00858655525	135565.4164490968	1712.110523037014	10356.33922018744	6801.921638648014	549.8137088315852	298.1786719360677	2443.436669082772	1621.509681416826	117.4674529173912	48.09233764629252	56.25487493995013	44.01338531910494	372.9772705143196	179.3110695013793	67.02540937396596	104.1342811431453	34.70408291424565	23.98916716567801	32.41562438546943	26.99796242738227	53.89981003038608	89.88538199816902	30.07881581321357	42.47008662157678	51.40552605908858	50.21836921441849	50.58290741065765	39.27183449427859	41.42375352527822	53.38423222321042	50.46086770141537	54.60254023256947	55.1243543276933	59.71995521436789	33.21376964813204	27.40519115135802	28.25996765049881	24.02144684786006	30.32969817308125	28.49010872889487	40.79942359514464	33.90317152050277	157.6674817100162	62.69969349951773	24.41696813119449	36.98349498081976	55.30707511792841	43.5138313241679	22.66271487221236	26.23241307862907	30.58784305555277	26.73684968012706	38.82204545879701	38.34013173799371	25.38813057562755	61.43609918366383	39.42358639554666	30.14997945683841	48.10042847506379	37.86245178704043	29.83789272670296	44.30926720309983	28.76277624994223	26.94475833546022
2024-01-03 22:12:42	1619.948333333333	15892872452.0	24579.47266388871	136517.9392152255	1624.067196317253	10149.87661696204	7109.901552095774	303.9501508954376	324.042246316044	3023.960770770057	1642.734742927667	33.38971759488724	34.48107419725756	84.4123372693358	42.87692300791068	54.3210389837386	72.6027000506701	58.76159463375221	45.45612388647896	44.00951187593618	32.48126485855776	31.78629685134196	36.284811228418	27.61066853066879	92.44937123227443	25.58206746307527	46.82842363307288	27.98109613754026	26.61686619862884	33.86459463338584	37.65838382176178	36.13377242950543	38.64480621011845	37.05694537218071	31.15409973815818	52.99578370455645	53.71127623315245	32.85492711253139	26.89212583489065	29.53212220960406	27.97130935834813	31.38831785456971	30.25879703050436	42.58790575729858	33.35258674540297	159.9496433290523	67.93804234580786	34.76712092943377	41.16608066223941	53.3631287398588	43.84032303340044	28.9190098584443	30.26149777061515	28.65694554076384	24.95126222549175	36.7341487649407	44.54221098818345	30.00642882389146	65.62506097967812	34.45750956617949	29.56810544545237	51.11846298012805	31.99909544920857	27.54613666041351	47.9936836289815	32.59940352806429	48.18677435261042
2024-01-03 22:12:48	1620.135	15896021686.0	24499.52944166632	137999.3363523835	1765.61059431746	10021.27931461462	7160.506748298306	316.5205638244202	302.9868247583507	2797.749114520673	1595.624722424636	55.47941125328285	39.22409997031217	46.32289967760956	45.36825904626094	107.4588916798935	88.88261072743386	42.87706271656932	59.03798019479369	38.70689549207252	32.31019894148545	31.52152414749644	29.53729320999327	32.93269420502904	94.56829930193686	31.93295847261164	42.34603702753196	38.93830806881378	35.20178513944182	49.88115057901665	36.53569861553942	26.2949451270253	38.3578533671834	29.81311998961667	33.43332862794239	51.31748095741473	57.47632581927257	33.3637321846296	32.33678023717411	34.34510952073254	29.73394807071328	29.15344792823958	35.56357019946476	36.16485033325686	30.1965083733811	157.7754612536892	60.73583750969365	28.13585531002953	33.43382513916841	53.56999592145453	38.25686460859824	30.0164833071654	32.00522309464233	39.51323226159994	33.5017413384362	35.93601736494551	44.84864580989515	26.28619272040484	64.90450931596314	30.1692211714427	27.73776342633807	50.33054962977198	43.78393666303289	29.54064026235283	44.32277170625589	30.51677546434299	37.01654938649209
2024-01-03 22:12:54	1620.291166666667	15898936593.0	24479.30072197272	136550.05503235	1752.231174174966	10001.45889882222	7266.191774027619	277.8863467649307	334.6844450103972	2903.083314037297	1646.258361379391	38.12226217335436	31.43598395738636	68.67127495561843	46.20015570675166	40.00470034879113	66.34956180399801	47.83338658669457	34.34627819220805	41.12548346913252	43.14945127755179	29.77298863259984	43.10142051764277	39.55734808060399	103.1142211771522	27.61894173547257	45.50587806314942	42.00329498156366	35.84475374132976	44.29213052939605	36.17341393237371	29.3882778006942	41.2633113338045	41.35808690211407	42.26262549507358	48.26907907743682	49.39149752969531	36.36444909368308	29.72013946284805	38.80120473662445	27.46379498069599	30.64009657387508	31.91470420381563	31.0860820772826	34.14591194054965	159.6042272741883	58.34277340538939	31.54152679461482	40.22086990055532	59.74850173106736	47.73972923424993	41.65953728885247	31.39776321388377	34.44470976010226	27.43102268033664	36.04027368408542	37.97707442295681	29.21346633347781	60.32960447427189	31.6574322023279	30.66484205559322	61.94393795061346	34.28575495348784	30.56894293679742	61.00111574058352	39.53315148591243	80.47772439946573
2024-01-03 22:13:00	1620.044333333333	15893781038.0	24419.86436788924	139304.2701198893	1987.561079782956	10236.64502884674	6847.969594826923	502.8077727962778	296.4667480325448	2648.538461018697	1586.430502841432	87.28018763750812	44.16180002654318	62.14575130541447	50.17141538327711	303.513780640853	162.503184359068	63.41523007542487	96.85245772336305	35.51215369133831	31.2991196972906	33.80849107239583	32.22668515875964	31.77579195688947	106.6850514564026	29.14694672746685	53.02676490709739	46.83550796386347	39.98792385743576	39.89100122965718	41.3533227011802	29.86825093961736	49.91204640716934	35.42719426547109	60.2918259607606	44.33567222642222	54.18840702414897	34.62448084885013	32.18663042553485	35.57291365902977	25.30081079129874	31.03185550747666	33.93726360347104	40.50496866270259	32.22152125431857	152.7012351241256	56.98243678728098	36.66062894943868	34.50739441024425	56.27415414669213	43.20663948072686	34.48757148155511	27.53132129400608	37.05965366667967	33.27162862766405	36.38582589954233	47.25787784780555	34.39135001565226	64.20715696580035	34.32368815063526	32.609960578173	51.60033747950072	36.22004591187661	30.24563269593904	50.63296823814211	37.81682155735296	46.07342304376876
2024-01-03 22:13:06	1620.175333333333	15895999592.0	24365.15459155571	136873.4584162986	1321.671837071276	10028.04078006069	7249.310687596723	390.3299743592806	407.5082151051413	2954.009251866104	1680.242724937615	79.87526110973555	37.88442630027082	90.5566028064906	41.84241357388229	221.3645737570808	121.4914713009141	72.17386423956046	106.0497004774226	39.42866659912033	33.56338253856588	30.97197979736075	31.86442457712263	43.67878099237485	108.2438659108956	34.56386145540962	61.98028135143806	51.98658343695291	48.80713032867272	32.89003598258866	47.60860432624528	33.76089607319165	47.45921384738797	29.93986822952796	41.20982264199824	47.38593069067641	51.70295927069905	30.26686383935251	28.65296401076638	37.13506111911037	29.53241886614409	27.50941227811084	34.33919495492427	37.73664020119634	36.28380637056201	152.8552582653354	65.3892989143863	39.80625371924756	35.36048507858382	59.559008727303	50.63539156069932	29.5010550999518	35.10080606864702	33.92158048514566	30.91922411365232	37.32412096443519	42.95807107263544	30.44120912460956	69.52330683385767	41.64359933157745	40.40178683291412	52.99033079390282	42.26108925584465	31.59071159477789	40.72227615339104	36.68159829182514	33.37533222274433
2024-01-03 22:13:11	1620.0875	15893971787.0	24311.79017708311	135332.1104441738	1419.932359696275	10064.05480249246	7096.701596663161	550.184894550906	433.9320755863732	2582.282816278182	1707.436165566974	131.758573779984	52.65234912254182	56.04403459724452	47.74991780571978	382.7698872768009	203.1396044757561	91.18510122697714	147.8878622977036	43.2433800752237	34.41641128207143	27.47495470514311	32.62362120412946	50.48227363108391	106.7125566171499	25.74101226006101	53.23605604948254	68.20449360439441	58.66999429120917	53.85483967781293	42.21169287447393	43.37020673383388	69.42742777522396	49.69498379713303	84.18872078151708	51.0210817534989	53.32797590516152	32.6664898528492	31.83520663209886	39.68751428538545	26.80339909994249	23.62558595853361	31.47551585545239	36.5188963445585	32.7943595836574	155.4649404565935	55.78958126422433	34.02724865576079	30.85078545135031	54.27692364841094	39.22329780983971	30.77992176112653	30.78920620803491	38.3165582184564	26.77725921442791	42.13162412996277	43.77268953433853	26.57922662752653	70.48854859442129	34.23919253614431	28.3183437032027	55.42405075684709	36.70044530715214	33.5400972586608	42.65169176092864	33.68313149374382	26.81594175696122
2024-01-03 22:13:17	1620.084833333333	15893916381.0	24311.19630330568	138221.8028578421	1705.280498100659	10062.15401680722	7105.154168334874	321.9844899471181	332.1826829522316	2937.664573721432	1607.418047967527	47.97616968668745	37.06835083194439	76.76193467569637	42.69317628883766	62.61161392238794	84.11898300677704	66.00366336554889	57.11663481986135	28.680468519752	33.37279996588792	30.29447490360915	27.83817797120432	31.84434449643747	96.23794966496874	29.58852965818694	46.56199473541219	35.13665177367672	37.29171132787732	36.3882513499925	38.76319339297346	33.58751718972485	36.57184963311153	38.97574445724138	41.42675352436519	48.28370446143641	54.1761821214887	33.62590327519381	31.43172058604451	34.33495758571442	29.64751921628846	28.38317092586621	32.55801961180222	45.79115782390938	39.3330573124215	154.6478177072901	72.06072574456516	36.36764597004372	39.56363202367572	57.93912865502337	59.62170448033443	36.19440121102203	29.72490825021631	34.71100202904977	32.04408334879378	36.80325768784144	40.65702810443738	32.02728181828886	60.19716411484884	36.27727398278137	33.40195985683672	54.18070350624455	40.15867044785548	32.66286832830512	53.38539629348261	34.21692633310153	43.15311884740755
2024-01-03 22:13:23	1620.230833333333	15896310359.0	24237.10654930584	136120.0537291526	1686.820804648802	10133.04404602553	6967.741562970512	341.2404642655341	283.6328846923292	2919.953498251352	1609.252851952695	44.62784897244367	39.13465360268509	74.52687341299396	49.99249747849625	117.0536942207445	104.8906413448497	61.07024592214564	57.06934166137339	37.45348415579146	31.75632123702799	31.17406509371573	32.95287392488957	38.34106555371748	94.2847926526959	29.45700255856492	40.43244756547249	40.52774875268789	30.05675160275705	37.98066195117262	41.15962328346199	27.8798953328037	40.52715647759581	33.81751764918057	33.8035924100055	50.64720846340958	54.35560139094029	33.17226947145036	37.83746403053077	34.37104767214311	26.80854666168832	27.78752377059207	29.75193133861136	34.9415536893649	27.4928086340282	158.7257103593308	57.80772394203539	30.8570381637208	30.52962417622978	55.96822256293651	39.89024176038986	40.13798438506372	25.96338824478845	35.21319761660733	29.22366918791876	34.56280808443434	45.55644638809685	27.29871972649979	65.60733269099795	33.29281826904435	24.93317340307405	55.15468179251773	34.47046542095271	35.7539428996014	46.51171643568572	30.80712306296489	34.75637638529881
2024-01-03 22:13:29	1619.9895	15891307591.0	24185.28505641734	135571.5349415266	1388.442911107919	9986.246257769688	7144.146697901907	493.12299712614	433.8207187505723	2672.557660662715	1699.617659803045	120.4294816986219	43.70672496561779	62.1835530722993	47.91379983797059	333.1249229627927	177.6295248250948	102.286902901122	137.8561860476098	34.33502900130271	34.13414540388076	34.29298984861653	31.56486846090576	44.45812534331846	96.24650824661613	32.42231463770543	49.92523299977316	64.39546573984568	49.92528900768066	39.67649968441065	43.50468998299756	41.46378851860663	60.56474349907595	42.88912209717118	59.12165979443238	50.2430633329806	53.80359564915847	36.22500055593661	32.56609598369356	32.39688739057417	29.81604649864538	26.0516713720066	35.22365146283538	35.78575059880805	32.5200281520249	149.0009596210875	54.85955328841988	32.93194789137704	39.70807708006868	59.51951770246491	44.72239126120353	33.07499413486092	28.31955796203413	35.46475335469245	30.10134497945967	45.7503575000534	39.32296453440811	26.77340581271417	62.00761776036988	32.77879966008843	28.0539320551526	49.93589318250025	38.86808648082935	32.67576969285565	45.95540418254738	29.10195894110218	33.62702870293667
2024-01-03 22:13:35	1620.149	15894321402.0	24170.78479900025	136900.549065496	1601.600022904184	9960.989452259273	7135.714843235647	266.8907707506663	309.1227023526909	2869.035630888347	1593.193530606522	32.84276119590672	32.5990123727135	65.64524128784086	44.86744153162861	45.77260997479133	72.33164166007347	51.10417047710651	45.24942445805339	42.13718205492509	32.33125378420079	30.98763455837723	26.88210800110614	37.64311652763159	95.95070901173503	31.10697689859395	46.55007259063085	30.25993005563975	28.04224813767526	40.76430037441272	35.96600264272199	28.20594149083968	39.81749986765791	36.21050011735036	32.03000250849915	70.16710750525503	51.77041868822794	32.27554130393544	27.34295669816047	28.28006145103242	29.18027916642858	25.59592340165424	28.61483737728247	43.10733758866731	32.25555465870847	163.243712534488	63.55709856634847	31.30906151320937	32.44158366357716	55.9217242390631	33.26970809876399	32.43895173437699	30.07282935309536	33.59544129112608	28.73456278971777	36.88904168281513	33.75546974576132	26.83331616980373	61.46611444912012	34.79693430754522	28.56720157161361	54.17433513092019	30.50645447209708	32.84969157305573	43.85665398120937	26.68409781398106	30.9570671325037
2024-01-03 22:13:40	1620.144666666667	15893954114.0	24123.61140488926	135087.9913030225	1501.164296083923	10113.83485988414	6951.446661815464	600.4930470368543	412.5960164786303	2429.985294707425	1679.181266951926	140.3625097805021	48.8196928728307	51.57289642166783	49.24381745020511	420.3876106842137	204.1175593482946	83.86335638461908	133.4734156315357	38.82251632052988	37.83606630998268	37.59424842420727	39.62682825925135	44.65569989871121	98.1795611538264	37.7108996164532	64.01282764732939	68.62967513680938	53.72901016520051	44.79316461159789	51.70148338448533	41.88737703196723	50.46972101146577	37.90830889584931	55.30719782805053	66.85567292493431	54.71681201892847	36.96255704657152	33.26334677368175	33.11993760059021	27.92103991044213	27.8912459270079	33.43328197774012	31.03225054876176	28.71210583027867	152.8269773698769	60.04596493182968	33.96471686454701	37.96989861664985	55.63782371840239	40.68033435463864	35.24989453814251	32.8823524087391	38.79654963889835	34.44361940939692	39.63390002356331	48.36885742648676	28.95625232380184	65.41401059825834	31.21918510319268	30.01512068075356	51.11021472178282	35.50144786743034	32.01365313138791	41.82389005792149	32.86322311027435	29.06741630322417
2024-01-03 22:13:46	1620.0375	15891668519.0	24089.91842708364	135527.7876820595	1562.291414802239	10241.7147207893	6795.073185670358	544.3226843814157	329.0070237347001	2336.313546717221	1635.260706054381	131.3493178918381	47.5683974189149	56.65545680311531	47.39278662067963	390.1499845143897	189.4850122767774	74.42696786850061	115.5267203054309	28.86791394257464	33.79302989589497	37.84910989200522	31.28970399463579	42.53880327311821	101.5554347514204	33.82067979842301	67.66733009718808	68.86694269048182	46.04736532990661	45.66202456762098	41.05340349262786	34.79895372798081	52.19225817129057	40.8009448216604	50.95933675140667	55.80167472829295	48.05334804359785	39.72261510658326	28.21832320156863	34.51662861660627	35.20633096982268	29.80598060566967	31.55216214961466	36.02291281211517	38.06066277410975	159.4777278546146	71.52951661509763	31.97230266319118	32.39283455792243	58.57010841661315	43.99515507031391	45.52125588193734	29.93820512282715	37.32240503012718	30.47132215536812	33.14121741710607	44.70913453835874	29.49511145010751	68.12853388100544	30.91816480586855	28.79860227225977	53.14162664091157	38.68240390533109	28.79206889713429	40.2463893631602	31.33919546505955	30.79866040975138
